image,severity,code,box_index,detail
D:\DATN\datasets\raw\roboflow_eric_nguyen\test\images\02a6ef3d9bd68e91_jpg.rf.9a047f45e2babb1f9ee8c9fc91c4ec68.jpg,warning,empty_label,,"Label file is empty, so this is a background image with no plates. That is valid, but a whole dataset of these means a conversion failed."
D:\DATN\datasets\raw\roboflow_eric_nguyen\test\images\11f80fda2c38011c_jpg.rf.6fe3bf83743cd69776494de651e58120.jpg,warning,empty_label,,"Label file is empty, so this is a background image with no plates. That is valid, but a whole dataset of these means a conversion failed."
D:\DATN\datasets\raw\roboflow_eric_nguyen\test\images\1545c73bdecb3e2f_jpg.rf.0570a690156069487da045acac63cc5e.jpg,warning,empty_label,,"Label file is empty, so this is a background image with no plates. That is valid, but a whole dataset of these means a conversion failed."
D:\DATN\datasets\raw\roboflow_eric_nguyen\test\images\17585ef2efb5ef9b_jpg.rf.330582646d6b1f41b72834f5483267bb.jpg,warning,empty_label,,"Label file is empty, so this is a background image with no plates. That is valid, but a whole dataset of these means a conversion failed."
D:\DATN\datasets\raw\roboflow_eric_nguyen\test\images\18098dc9ee6aad80_jpg.rf.7989d84a0b4728a33452e07c4b8f8d4d.jpg,warning,empty_label,,"Label file is empty, so this is a background image with no plates. That is valid, but a whole dataset of these means a conversion failed."
D:\DATN\datasets\raw\roboflow_eric_nguyen\test\images\19eba8ac64eed194_jpg.rf.d13f1eda0e58afc0a8c689e15cbc87c1.jpg,warning,empty_label,,"Label file is empty, so this is a background image with no plates. That is valid, but a whole dataset of these means a conversion failed."
D:\DATN\datasets\raw\roboflow_eric_nguyen\test\images\1ca1155083156d72_jpg.rf.c5314d0fa97ce1b7196b6d89a49680cb.jpg,warning,empty_label,,"Label file is empty, so this is a background image with no plates. That is valid, but a whole dataset of these means a conversion failed."
D:\DATN\datasets\raw\roboflow_eric_nguyen\test\images\1eb2ebab9cd7adf6_jpg.rf.442a6b9fb46e15a83e8fa123065f9733.jpg,warning,empty_label,,"Label file is empty, so this is a background image with no plates. That is valid, but a whole dataset of these means a conversion failed."
D:\DATN\datasets\raw\roboflow_eric_nguyen\test\images\334f31e809ec9a77_jpg.rf.f446e64324025f6d0669af01fca4c4ac.jpg,warning,empty_label,,"Label file is empty, so this is a background image with no plates. That is valid, but a whole dataset of these means a conversion failed."
D:\DATN\datasets\raw\roboflow_eric_nguyen\test\images\46a7991da6461831_jpg.rf.3b697520a5f551c865fe84652f25bb60.jpg,warning,empty_label,,"Label file is empty, so this is a background image with no plates. That is valid, but a whole dataset of these means a conversion failed."
D:\DATN\datasets\raw\roboflow_eric_nguyen\test\images\4e2cb95b9c509b10_jpg.rf.d55bd5ba8350135018d2726de99d875c.jpg,warning,empty_label,,"Label file is empty, so this is a background image with no plates. That is valid, but a whole dataset of these means a conversion failed."
D:\DATN\datasets\raw\roboflow_eric_nguyen\test\images\5641e6ad7d2600f2_jpg.rf.2b82e440b8db088eebd93114df466e4d.jpg,warning,empty_label,,"Label file is empty, so this is a background image with no plates. That is valid, but a whole dataset of these means a conversion failed."
D:\DATN\datasets\raw\roboflow_eric_nguyen\test\images\5a3f94aa35766f31_jpg.rf.a80f112feff3c2c7fe1dd9359c798d55.jpg,warning,empty_label,,"Label file is empty, so this is a background image with no plates. That is valid, but a whole dataset of these means a conversion failed."
D:\DATN\datasets\raw\roboflow_eric_nguyen\test\images\62bb93bbd270dd9a_jpg.rf.50a613bb45f8da5bab93584294e94f25.jpg,warning,empty_label,,"Label file is empty, so this is a background image with no plates. That is valid, but a whole dataset of these means a conversion failed."
D:\DATN\datasets\raw\roboflow_eric_nguyen\test\images\63d3df798bc8840f_jpg.rf.143cc12b7f0783c88d390c33df23ec4e.jpg,warning,empty_label,,"Label file is empty, so this is a background image with no plates. That is valid, but a whole dataset of these means a conversion failed."
D:\DATN\datasets\raw\roboflow_eric_nguyen\test\images\6a0ef049e5ec4b16_jpg.rf.f7742b8474d1d7b214fb8e5c78be022a.jpg,warning,empty_label,,"Label file is empty, so this is a background image with no plates. That is valid, but a whole dataset of these means a conversion failed."
D:\DATN\datasets\raw\roboflow_eric_nguyen\test\images\6aff04e9c32aec0f_jpg.rf.92bcd1c2e3fb5c31c0da057528a1af25.jpg,warning,empty_label,,"Label file is empty, so this is a background image with no plates. That is valid, but a whole dataset of these means a conversion failed."
D:\DATN\datasets\raw\roboflow_eric_nguyen\test\images\74ee6d1b58ae2e70_jpg.rf.a94780b88e7d8332de2095ff5f83c08a.jpg,warning,empty_label,,"Label file is empty, so this is a background image with no plates. That is valid, but a whole dataset of these means a conversion failed."
D:\DATN\datasets\raw\roboflow_eric_nguyen\test\images\844adfe06e003c09_jpg.rf.d2db10bd5f04c13c6ebc07c176aa256b.jpg,warning,empty_label,,"Label file is empty, so this is a background image with no plates. That is valid, but a whole dataset of these means a conversion failed."
D:\DATN\datasets\raw\roboflow_eric_nguyen\test\images\85f0b4db3eb512ce_jpg.rf.488675e334126b35de55aea6cf112479.jpg,warning,empty_label,,"Label file is empty, so this is a background image with no plates. That is valid, but a whole dataset of these means a conversion failed."
D:\DATN\datasets\raw\roboflow_eric_nguyen\test\images\895d440e05b2a8d8_jpg.rf.b0e642c6c0dc476a6fa706e94d88dfb4.jpg,warning,empty_label,,"Label file is empty, so this is a background image with no plates. That is valid, but a whole dataset of these means a conversion failed."
D:\DATN\datasets\raw\roboflow_eric_nguyen\test\images\955a8e4c8ba8116e_jpg.rf.f3a4490ea3b07d072be4078c93c303c6.jpg,warning,empty_label,,"Label file is empty, so this is a background image with no plates. That is valid, but a whole dataset of these means a conversion failed."
D:\DATN\datasets\raw\roboflow_eric_nguyen\test\images\a21aa7c1d7b93d12_jpg.rf.d155acf1a180ab49416ea8b574469b08.jpg,warning,empty_label,,"Label file is empty, so this is a background image with no plates. That is valid, but a whole dataset of these means a conversion failed."
D:\DATN\datasets\raw\roboflow_eric_nguyen\test\images\a52079c6cc4050cd_jpg.rf.2e199f014dd627b9519571b8359a5ca8.jpg,warning,empty_label,,"Label file is empty, so this is a background image with no plates. That is valid, but a whole dataset of these means a conversion failed."
D:\DATN\datasets\raw\roboflow_eric_nguyen\test\images\a79296fb4a48245e_jpg.rf.509fdfe590c43bdbe84aa136b45046f3.jpg,warning,empty_label,,"Label file is empty, so this is a background image with no plates. That is valid, but a whole dataset of these means a conversion failed."
D:\DATN\datasets\raw\roboflow_eric_nguyen\test\images\affd16c51644a893_jpg.rf.f776290f70f51678808b3d7007ff2720.jpg,warning,empty_label,,"Label file is empty, so this is a background image with no plates. That is valid, but a whole dataset of these means a conversion failed."
D:\DATN\datasets\raw\roboflow_eric_nguyen\test\images\b193070a9c45b5ab_jpg.rf.7e47952309432ed5d7731d30e622c3fc.jpg,warning,empty_label,,"Label file is empty, so this is a background image with no plates. That is valid, but a whole dataset of these means a conversion failed."
D:\DATN\datasets\raw\roboflow_eric_nguyen\test\images\b32671b7cc279583_jpg.rf.34a95c2168871c6764314690b3947d63.jpg,warning,empty_label,,"Label file is empty, so this is a background image with no plates. That is valid, but a whole dataset of these means a conversion failed."
D:\DATN\datasets\raw\roboflow_eric_nguyen\test\images\bf0aac0878b0a3d2_jpg.rf.c05b18a5b46e1064391b3e3be5e08c36.jpg,warning,empty_label,,"Label file is empty, so this is a background image with no plates. That is valid, but a whole dataset of these means a conversion failed."
D:\DATN\datasets\raw\roboflow_eric_nguyen\test\images\d5f4069e6734ac06_jpg.rf.7c06b91989403ede6456568bca61314b.jpg,warning,empty_label,,"Label file is empty, so this is a background image with no plates. That is valid, but a whole dataset of these means a conversion failed."
D:\DATN\datasets\raw\roboflow_eric_nguyen\test\images\e52d4f347b2cf90f_jpg.rf.fd21235f4875ce1a3f87e2ab5e355c57.jpg,warning,empty_label,,"Label file is empty, so this is a background image with no plates. That is valid, but a whole dataset of these means a conversion failed."
D:\DATN\datasets\raw\roboflow_eric_nguyen\test\images\e742e284c7c9da96_jpg.rf.7a0a0ae9aa56f69f3603cb1fa716fcf8.jpg,warning,empty_label,,"Label file is empty, so this is a background image with no plates. That is valid, but a whole dataset of these means a conversion failed."
D:\DATN\datasets\raw\roboflow_eric_nguyen\test\images\e79f6777f2fc08b2_jpg.rf.c4b3ffd30f4364bd75c142b2c5cd8836.jpg,warning,empty_label,,"Label file is empty, so this is a background image with no plates. That is valid, but a whole dataset of these means a conversion failed."
D:\DATN\datasets\raw\roboflow_eric_nguyen\test\images\ea02d99ba51372ee_jpg.rf.897438a8cc6b0ea6efd5d530aed01eda.jpg,warning,empty_label,,"Label file is empty, so this is a background image with no plates. That is valid, but a whole dataset of these means a conversion failed."
D:\DATN\datasets\raw\roboflow_eric_nguyen\test\images\fdd963edc28bf163_jpg.rf.41188a589d943585eb79a24277cef3ec.jpg,warning,empty_label,,"Label file is empty, so this is a background image with no plates. That is valid, but a whole dataset of these means a conversion failed."
D:\DATN\datasets\raw\roboflow_eric_nguyen\train\images\00723dac8201a83e_jpg.rf.c66178c40084db0c582864467431d097.jpg,warning,small_box,0,box area 0.2218% of the image is below the 0.50% threshold; plates this small are hard to learn
D:\DATN\datasets\raw\roboflow_eric_nguyen\train\images\00723dac8201a83e_jpg.rf.c66178c40084db0c582864467431d097.jpg,warning,small_box,1,box area 0.1647% of the image is below the 0.50% threshold; plates this small are hard to learn
D:\DATN\datasets\raw\roboflow_eric_nguyen\train\images\00723dac8201a83e_jpg.rf.d457109ee8d648e644a716d66fb796a3.jpg,warning,small_box,0,box area 0.2511% of the image is below the 0.50% threshold; plates this small are hard to learn
D:\DATN\datasets\raw\roboflow_eric_nguyen\train\images\00723dac8201a83e_jpg.rf.d457109ee8d648e644a716d66fb796a3.jpg,warning,small_box,1,box area 0.1505% of the image is below the 0.50% threshold; plates this small are hard to learn
D:\DATN\datasets\raw\roboflow_eric_nguyen\train\images\00723dac8201a83e_jpg.rf.dff06748f1db53baf5cae43ae03a8e09.jpg,warning,small_box,0,box area 0.2218% of the image is below the 0.50% threshold; plates this small are hard to learn
D:\DATN\datasets\raw\roboflow_eric_nguyen\train\images\00723dac8201a83e_jpg.rf.dff06748f1db53baf5cae43ae03a8e09.jpg,warning,small_box,1,box area 0.1505% of the image is below the 0.50% threshold; plates this small are hard to learn
D:\DATN\datasets\raw\roboflow_eric_nguyen\train\images\008637722500f239_jpg.rf.1c30bc8baf72bcc6cb3d3139c27ee531.jpg,warning,small_box,1,box area 0.2516% of the image is below the 0.50% threshold; plates this small are hard to learn
D:\DATN\datasets\raw\roboflow_eric_nguyen\train\images\008637722500f239_jpg.rf.3177f7788caf798508854d14da1e58fb.jpg,warning,small_box,1,box area 0.2516% of the image is below the 0.50% threshold; plates this small are hard to learn
D:\DATN\datasets\raw\roboflow_eric_nguyen\train\images\008637722500f239_jpg.rf.c97813fe91667c07847f941a1b6603ea.jpg,warning,small_box,1,box area 0.2505% of the image is below the 0.50% threshold; plates this small are hard to learn
D:\DATN\datasets\raw\roboflow_eric_nguyen\train\images\0170ea8e1a33375a_jpg.rf.21ba085ff95e9492e1a6906e011540ec.jpg,warning,small_box,0,box area 0.0547% of the image is below the 0.50% threshold; plates this small are hard to learn
D:\DATN\datasets\raw\roboflow_eric_nguyen\train\images\0170ea8e1a33375a_jpg.rf.21ba085ff95e9492e1a6906e011540ec.jpg,warning,small_box,2,box area 0.1672% of the image is below the 0.50% threshold; plates this small are hard to learn
D:\DATN\datasets\raw\roboflow_eric_nguyen\train\images\0170ea8e1a33375a_jpg.rf.b44663747a80adf14601b908e53f9c45.jpg,warning,small_box,0,box area 0.0581% of the image is below the 0.50% threshold; plates this small are hard to learn
D:\DATN\datasets\raw\roboflow_eric_nguyen\train\images\0170ea8e1a33375a_jpg.rf.b44663747a80adf14601b908e53f9c45.jpg,warning,small_box,2,box area 0.1672% of the image is below the 0.50% threshold; plates this small are hard to learn
D:\DATN\datasets\raw\roboflow_eric_nguyen\train\images\0170ea8e1a33375a_jpg.rf.b459f3d408d2a45e12aa915a96c1e948.jpg,warning,small_box,0,box area 0.0547% of the image is below the 0.50% threshold; plates this small are hard to learn
D:\DATN\datasets\raw\roboflow_eric_nguyen\train\images\0170ea8e1a33375a_jpg.rf.b459f3d408d2a45e12aa915a96c1e948.jpg,warning,small_box,2,box area 0.1912% of the image is below the 0.50% threshold; plates this small are hard to learn
D:\DATN\datasets\raw\roboflow_eric_nguyen\train\images\057569768fd6303e_jpg.rf.59ca853ac30dfb6ce56e73935748a945.jpg,warning,small_box,0,box area 0.1101% of the image is below the 0.50% threshold; plates this small are hard to learn
D:\DATN\datasets\raw\roboflow_eric_nguyen\train\images\057569768fd6303e_jpg.rf.96016181e5aac1fe246bbff68b396cfb.jpg,warning,small_box,0,box area 0.0931% of the image is below the 0.50% threshold; plates this small are hard to learn
D:\DATN\datasets\raw\roboflow_eric_nguyen\train\images\057569768fd6303e_jpg.rf.c80160a729b6a2d93c002edfd547bfe0.jpg,warning,small_box,0,box area 0.1094% of the image is below the 0.50% threshold; plates this small are hard to learn
D:\DATN\datasets\raw\roboflow_eric_nguyen\train\images\0787b0fa95f545a5_jpg.rf.6b36da3e68d921b8cbd930e7e2aaef28.jpg,warning,small_box,0,box area 0.0291% of the image is below the 0.50% threshold; plates this small are hard to learn
D:\DATN\datasets\raw\roboflow_eric_nguyen\train\images\0787b0fa95f545a5_jpg.rf.6d87fc8d5111749e5ced6762b8a5c23c.jpg,warning,small_box,0,box area 0.0291% of the image is below the 0.50% threshold; plates this small are hard to learn
D:\DATN\datasets\raw\roboflow_eric_nguyen\train\images\0787b0fa95f545a5_jpg.rf.92a04da4783c92d045556b4db0bbdee2.jpg,warning,small_box,0,box area 0.0332% of the image is below the 0.50% threshold; plates this small are hard to learn
D:\DATN\datasets\raw\roboflow_eric_nguyen\train\images\091c033b2a7df15b_jpg.rf.3226c254964952c170aa8014898dce3e.jpg,warning,small_box,0,box area 0.4548% of the image is below the 0.50% threshold; plates this small are hard to learn
D:\DATN\datasets\raw\roboflow_eric_nguyen\train\images\091c033b2a7df15b_jpg.rf.7bdd01a1de1dc972d4731fc4f9a94e93.jpg,warning,small_box,0,box area 0.4316% of the image is below the 0.50% threshold; plates this small are hard to learn
D:\DATN\datasets\raw\roboflow_eric_nguyen\train\images\091c033b2a7df15b_jpg.rf.c36e4dd17d08c9be944eef4743341237.jpg,warning,small_box,0,box area 0.4730% of the image is below the 0.50% threshold; plates this small are hard to learn
D:\DATN\datasets\raw\roboflow_eric_nguyen\train\images\0ee91c4938b6e7ee_jpg.rf.b0ac071073811dd45d5cb95c0563d323.jpg,warning,small_box,0,box area 0.0259% of the image is below the 0.50% threshold; plates this small are hard to learn
D:\DATN\datasets\raw\roboflow_eric_nguyen\train\images\0ee91c4938b6e7ee_jpg.rf.d6f830175c64ee5e4fb9dea515c3c577.jpg,warning,small_box,0,box area 0.0254% of the image is below the 0.50% threshold; plates this small are hard to learn
D:\DATN\datasets\raw\roboflow_eric_nguyen\train\images\0ee91c4938b6e7ee_jpg.rf.ea18f3a7f9f5a0e9e17ad0a7107ad040.jpg,warning,small_box,0,box area 0.0327% of the image is below the 0.50% threshold; plates this small are hard to learn
D:\DATN\datasets\raw\roboflow_eric_nguyen\train\images\0f0596b1c511e071_jpg.rf.6d5eefc8625b4fab5d2a1584748e665c.jpg,warning,small_box,0,box area 0.0128% of the image is below the 0.50% threshold; plates this small are hard to learn
D:\DATN\datasets\raw\roboflow_eric_nguyen\train\images\0f0596b1c511e071_jpg.rf.b570994d2fc5cf9688cdb7672148066e.jpg,warning,small_box,0,box area 0.0132% of the image is below the 0.50% threshold; plates this small are hard to learn
D:\DATN\datasets\raw\roboflow_eric_nguyen\train\images\0f0596b1c511e071_jpg.rf.ec72759e877184c6662e34639701fb32.jpg,warning,small_box,0,box area 0.0132% of the image is below the 0.50% threshold; plates this small are hard to learn
D:\DATN\datasets\raw\roboflow_eric_nguyen\train\images\0fbd1b85fc01d2ae_jpg.rf.64431d75fa40f20910d5a2c5c306c940.jpg,warning,small_box,0,box area 0.4848% of the image is below the 0.50% threshold; plates this small are hard to learn
D:\DATN\datasets\raw\roboflow_eric_nguyen\train\images\12d3b6665f7e1cf6_jpg.rf.5819602290f40be6652850eccc785fdc.jpg,warning,small_box,1,box area 0.0699% of the image is below the 0.50% threshold; plates this small are hard to learn
D:\DATN\datasets\raw\roboflow_eric_nguyen\train\images\12d3b6665f7e1cf6_jpg.rf.5e4798f7e786a68f4a8c6a762db71f50.jpg,warning,small_box,1,box area 0.0699% of the image is below the 0.50% threshold; plates this small are hard to learn
D:\DATN\datasets\raw\roboflow_eric_nguyen\train\images\12d3b6665f7e1cf6_jpg.rf.664c1f78119daba109f3ba2427996c20.jpg,warning,small_box,1,box area 0.0579% of the image is below the 0.50% threshold; plates this small are hard to learn
D:\DATN\datasets\raw\roboflow_eric_nguyen\train\images\140e8d10ff02e7e7_jpg.rf.95eec32f477c4f24d8e8687c1fd07736.jpg,warning,small_box,0,box area 0.3472% of the image is below the 0.50% threshold; plates this small are hard to learn
D:\DATN\datasets\raw\roboflow_eric_nguyen\train\images\140e8d10ff02e7e7_jpg.rf.9b3161ed0b46e09128e15f370d80941a.jpg,warning,small_box,0,box area 0.3472% of the image is below the 0.50% threshold; plates this small are hard to learn
D:\DATN\datasets\raw\roboflow_eric_nguyen\train\images\140e8d10ff02e7e7_jpg.rf.d79ee8a9d0a93f265872e761dba5a6df.jpg,warning,small_box,0,box area 0.3677% of the image is below the 0.50% threshold; plates this small are hard to learn
D:\DATN\datasets\raw\roboflow_eric_nguyen\train\images\1a3e9d87d733ff7f_jpg.rf.b548b63fe09e078068c291e4031f0e8c.jpg,warning,small_box,0,box area 0.4999% of the image is below the 0.50% threshold; plates this small are hard to learn
D:\DATN\datasets\raw\roboflow_eric_nguyen\train\images\1db3793d7c84faa1_jpg.rf.1049e9e7bac1eaf371d5db42c974170c.jpg,warning,small_box,0,box area 0.1886% of the image is below the 0.50% threshold; plates this small are hard to learn
D:\DATN\datasets\raw\roboflow_eric_nguyen\train\images\1db3793d7c84faa1_jpg.rf.6cc89e1e3a041c0f7ed75bb1b05feedc.jpg,warning,small_box,0,box area 0.1911% of the image is below the 0.50% threshold; plates this small are hard to learn
D:\DATN\datasets\raw\roboflow_eric_nguyen\train\images\1db3793d7c84faa1_jpg.rf.9b266d7783fde6df20b58c7bb6101c16.jpg,warning,small_box,0,box area 0.1648% of the image is below the 0.50% threshold; plates this small are hard to learn
D:\DATN\datasets\raw\roboflow_eric_nguyen\train\images\1e6e75488d7878aa_jpg.rf.3ea0f41ab5694cc6f9a92ee9365c670b.jpg,warning,small_box,0,box area 0.1296% of the image is below the 0.50% threshold; plates this small are hard to learn
D:\DATN\datasets\raw\roboflow_eric_nguyen\train\images\1e6e75488d7878aa_jpg.rf.3ea0f41ab5694cc6f9a92ee9365c670b.jpg,warning,small_box,1,box area 0.0245% of the image is below the 0.50% threshold; plates this small are hard to learn
D:\DATN\datasets\raw\roboflow_eric_nguyen\train\images\1e6e75488d7878aa_jpg.rf.3f06c7344aa0dccd91bd51dd5bfc5570.jpg,warning,small_box,0,box area 0.1290% of the image is below the 0.50% threshold; plates this small are hard to learn
D:\DATN\datasets\raw\roboflow_eric_nguyen\train\images\1e6e75488d7878aa_jpg.rf.3f06c7344aa0dccd91bd51dd5bfc5570.jpg,warning,small_box,1,box area 0.0245% of the image is below the 0.50% threshold; plates this small are hard to learn
D:\DATN\datasets\raw\roboflow_eric_nguyen\train\images\1e6e75488d7878aa_jpg.rf.ccfbd48491cbe73a96428da2ef0c3d31.jpg,warning,small_box,0,box area 0.1230% of the image is below the 0.50% threshold; plates this small are hard to learn
D:\DATN\datasets\raw\roboflow_eric_nguyen\train\images\1e6e75488d7878aa_jpg.rf.ccfbd48491cbe73a96428da2ef0c3d31.jpg,warning,small_box,1,box area 0.0241% of the image is below the 0.50% threshold; plates this small are hard to learn
D:\DATN\datasets\raw\roboflow_eric_nguyen\train\images\228bd52bbe043677_jpg.rf.b1fc898847575d86f9103de505e3a2c2.jpg,warning,small_box,0,box area 0.4889% of the image is below the 0.50% threshold; plates this small are hard to learn
D:\DATN\datasets\raw\roboflow_eric_nguyen\train\images\228bd52bbe043677_jpg.rf.b1fc898847575d86f9103de505e3a2c2.jpg,warning,small_box,1,box area 0.0695% of the image is below the 0.50% threshold; plates this small are hard to learn
D:\DATN\datasets\raw\roboflow_eric_nguyen\train\images\228bd52bbe043677_jpg.rf.b4eb1d68981ce3721a6f3f7f1b01563f.jpg,warning,small_box,0,box area 0.4933% of the image is below the 0.50% threshold; plates this small are hard to learn
D:\DATN\datasets\raw\roboflow_eric_nguyen\train\images\228bd52bbe043677_jpg.rf.b4eb1d68981ce3721a6f3f7f1b01563f.jpg,warning,small_box,1,box area 0.0595% of the image is below the 0.50% threshold; plates this small are hard to learn
D:\DATN\datasets\raw\roboflow_eric_nguyen\train\images\228bd52bbe043677_jpg.rf.e4d504455efb5829079e102fc25becc6.jpg,warning,small_box,0,box area 0.4905% of the image is below the 0.50% threshold; plates this small are hard to learn
D:\DATN\datasets\raw\roboflow_eric_nguyen\train\images\228bd52bbe043677_jpg.rf.e4d504455efb5829079e102fc25becc6.jpg,warning,small_box,1,box area 0.0695% of the image is below the 0.50% threshold; plates this small are hard to learn
D:\DATN\datasets\raw\roboflow_eric_nguyen\train\images\25d5c2fbd8b99662_jpg.rf.68af1c686107187834c7b146a9602d6d.jpg,warning,small_box,0,box area 0.4735% of the image is below the 0.50% threshold; plates this small are hard to learn
D:\DATN\datasets\raw\roboflow_eric_nguyen\train\images\25d5c2fbd8b99662_jpg.rf.a5384b071e755022e537907eb0f77ba8.jpg,warning,small_box,0,box area 0.4669% of the image is below the 0.50% threshold; plates this small are hard to learn
D:\DATN\datasets\raw\roboflow_eric_nguyen\train\images\27798906120ea394_jpg.rf.8705315436594939b12e72796215de09.jpg,warning,small_box,1,box area 0.1334% of the image is below the 0.50% threshold; plates this small are hard to learn
D:\DATN\datasets\raw\roboflow_eric_nguyen\train\images\27798906120ea394_jpg.rf.8705315436594939b12e72796215de09.jpg,warning,small_box,2,box area 0.2395% of the image is below the 0.50% threshold; plates this small are hard to learn
D:\DATN\datasets\raw\roboflow_eric_nguyen\train\images\27798906120ea394_jpg.rf.e2d0bfdac6d9651ff332d120a9f4146e.jpg,warning,small_box,1,box area 0.1566% of the image is below the 0.50% threshold; plates this small are hard to learn
D:\DATN\datasets\raw\roboflow_eric_nguyen\train\images\27798906120ea394_jpg.rf.e2d0bfdac6d9651ff332d120a9f4146e.jpg,warning,small_box,2,box area 0.2423% of the image is below the 0.50% threshold; plates this small are hard to learn
D:\DATN\datasets\raw\roboflow_eric_nguyen\train\images\27798906120ea394_jpg.rf.ee159c123fbcbc018b8ca5a3f6775560.jpg,warning,small_box,1,box area 0.1348% of the image is below the 0.50% threshold; plates this small are hard to learn
D:\DATN\datasets\raw\roboflow_eric_nguyen\train\images\27798906120ea394_jpg.rf.ee159c123fbcbc018b8ca5a3f6775560.jpg,warning,small_box,2,box area 0.2673% of the image is below the 0.50% threshold; plates this small are hard to learn
D:\DATN\datasets\raw\roboflow_eric_nguyen\train\images\2956bcbedfc167b6_jpg.rf.bbbd41be930272d37fca921f0dab8231.jpg,warning,small_box,0,box area 0.2829% of the image is below the 0.50% threshold; plates this small are hard to learn
D:\DATN\datasets\raw\roboflow_eric_nguyen\train\images\2956bcbedfc167b6_jpg.rf.bbbd41be930272d37fca921f0dab8231.jpg,warning,small_box,1,box area 0.1137% of the image is below the 0.50% threshold; plates this small are hard to learn
D:\DATN\datasets\raw\roboflow_eric_nguyen\train\images\2956bcbedfc167b6_jpg.rf.ef521321dc44c576fc4e6395bb6b9523.jpg,warning,small_box,0,box area 0.2507% of the image is below the 0.50% threshold; plates this small are hard to learn
D:\DATN\datasets\raw\roboflow_eric_nguyen\train\images\2956bcbedfc167b6_jpg.rf.ef521321dc44c576fc4e6395bb6b9523.jpg,warning,small_box,1,box area 0.1137% of the image is below the 0.50% threshold; plates this small are hard to learn
D:\DATN\datasets\raw\roboflow_eric_nguyen\train\images\2956bcbedfc167b6_jpg.rf.f28d22f38d8b19e3e50c7fafb402bcdd.jpg,warning,small_box,0,box area 0.2337% of the image is below the 0.50% threshold; plates this small are hard to learn
D:\DATN\datasets\raw\roboflow_eric_nguyen\train\images\2956bcbedfc167b6_jpg.rf.f28d22f38d8b19e3e50c7fafb402bcdd.jpg,warning,small_box,1,box area 0.1124% of the image is below the 0.50% threshold; plates this small are hard to learn
D:\DATN\datasets\raw\roboflow_eric_nguyen\train\images\2b97f5bf137ee8d1_jpg.rf.4e142ce5eecadfa8f70c29b7f4655084.jpg,warning,small_box,0,box area 0.0865% of the image is below the 0.50% threshold; plates this small are hard to learn
D:\DATN\datasets\raw\roboflow_eric_nguyen\train\images\2b97f5bf137ee8d1_jpg.rf.4e142ce5eecadfa8f70c29b7f4655084.jpg,warning,small_box,2,box area 0.3831% of the image is below the 0.50% threshold; plates this small are hard to learn
D:\DATN\datasets\raw\roboflow_eric_nguyen\train\images\2b97f5bf137ee8d1_jpg.rf.73d736ea23355f9f14debbeb73176fb9.jpg,warning,small_box,0,box area 0.1001% of the image is below the 0.50% threshold; plates this small are hard to learn
D:\DATN\datasets\raw\roboflow_eric_nguyen\train\images\2b97f5bf137ee8d1_jpg.rf.73d736ea23355f9f14debbeb73176fb9.jpg,warning,small_box,2,box area 0.4028% of the image is below the 0.50% threshold; plates this small are hard to learn
D:\DATN\datasets\raw\roboflow_eric_nguyen\train\images\2b97f5bf137ee8d1_jpg.rf.ca3905f6da406d84ee89947877806f6b.jpg,warning,small_box,0,box area 0.0821% of the image is below the 0.50% threshold; plates this small are hard to learn
D:\DATN\datasets\raw\roboflow_eric_nguyen\train\images\2b97f5bf137ee8d1_jpg.rf.ca3905f6da406d84ee89947877806f6b.jpg,warning,small_box,2,box area 0.4297% of the image is below the 0.50% threshold; plates this small are hard to learn
D:\DATN\datasets\raw\roboflow_eric_nguyen\train\images\2d6640fb230770fd_jpg.rf.1d8b18d4b9159b3a63794c19e4c206bd.jpg,warning,small_box,0,box area 0.1468% of the image is below the 0.50% threshold; plates this small are hard to learn
D:\DATN\datasets\raw\roboflow_eric_nguyen\train\images\2d6640fb230770fd_jpg.rf.1f180a52032d26444d3c2a9bcafed782.jpg,warning,small_box,0,box area 0.1855% of the image is below the 0.50% threshold; plates this small are hard to learn
D:\DATN\datasets\raw\roboflow_eric_nguyen\train\images\2d6640fb230770fd_jpg.rf.80ef1e975fb26d4623b1b29775d9aa35.jpg,warning,small_box,0,box area 0.1631% of the image is below the 0.50% threshold; plates this small are hard to learn
D:\DATN\datasets\raw\roboflow_eric_nguyen\train\images\2f3887024d298547_jpg.rf.8c40f2f346b3d96bfdf17ede85292950.jpg,warning,small_box,0,box area 0.4522% of the image is below the 0.50% threshold; plates this small are hard to learn
D:\DATN\datasets\raw\roboflow_eric_nguyen\train\images\2f90aaa72744452d_jpg.rf.c336b7f11a48592762871b11d19d1993.jpg,warning,small_box,1,box area 0.1654% of the image is below the 0.50% threshold; plates this small are hard to learn
D:\DATN\datasets\raw\roboflow_eric_nguyen\train\images\2f90aaa72744452d_jpg.rf.ea3d22361902f0c9eae281f5f1fffb94.jpg,warning,small_box,1,box area 0.1664% of the image is below the 0.50% threshold; plates this small are hard to learn
D:\DATN\datasets\raw\roboflow_eric_nguyen\train\images\2f90aaa72744452d_jpg.rf.fafe9b101c8a5d5a5e74593a4664304d.jpg,warning,small_box,1,box area 0.1654% of the image is below the 0.50% threshold; plates this small are hard to learn
D:\DATN\datasets\raw\roboflow_eric_nguyen\train\images\302d636c896c263f_jpg.rf.47330613fa417dcef446b78991bc903d.jpg,warning,small_box,0,box area 0.0683% of the image is below the 0.50% threshold; plates this small are hard to learn
D:\DATN\datasets\raw\roboflow_eric_nguyen\train\images\302d636c896c263f_jpg.rf.659bdacd67f403bfcf1de36b0931b420.jpg,warning,small_box,0,box area 0.0535% of the image is below the 0.50% threshold; plates this small are hard to learn
D:\DATN\datasets\raw\roboflow_eric_nguyen\train\images\302d636c896c263f_jpg.rf.f7769ad6ecd5fb9de8c1a0441c79c70a.jpg,warning,small_box,0,box area 0.0677% of the image is below the 0.50% threshold; plates this small are hard to learn
D:\DATN\datasets\raw\roboflow_eric_nguyen\train\images\3241f09a8964ddfb_jpg.rf.041e4c57b74567381b3bc55417a08983.jpg,warning,small_box,0,box area 0.2656% of the image is below the 0.50% threshold; plates this small are hard to learn
D:\DATN\datasets\raw\roboflow_eric_nguyen\train\images\3241f09a8964ddfb_jpg.rf.041e4c57b74567381b3bc55417a08983.jpg,warning,small_box,1,box area 0.0617% of the image is below the 0.50% threshold; plates this small are hard to learn
D:\DATN\datasets\raw\roboflow_eric_nguyen\train\images\3241f09a8964ddfb_jpg.rf.20a4777005a27be264117dcb3c2fc098.jpg,warning,small_box,0,box area 0.2967% of the image is below the 0.50% threshold; plates this small are hard to learn
D:\DATN\datasets\raw\roboflow_eric_nguyen\train\images\3241f09a8964ddfb_jpg.rf.20a4777005a27be264117dcb3c2fc098.jpg,warning,small_box,1,box area 0.0656% of the image is below the 0.50% threshold; plates this small are hard to learn
D:\DATN\datasets\raw\roboflow_eric_nguyen\train\images\3241f09a8964ddfb_jpg.rf.54f38731b3dc1b79a24c36ebbbec0d53.jpg,warning,small_box,0,box area 0.3306% of the image is below the 0.50% threshold; plates this small are hard to learn
D:\DATN\datasets\raw\roboflow_eric_nguyen\train\images\3241f09a8964ddfb_jpg.rf.54f38731b3dc1b79a24c36ebbbec0d53.jpg,warning,small_box,1,box area 0.0617% of the image is below the 0.50% threshold; plates this small are hard to learn
D:\DATN\datasets\raw\roboflow_eric_nguyen\train\images\326c3286bcb5b2b0_jpg.rf.31a8f8e191b5f723875a3d64b9c26b18.jpg,warning,small_box,0,box area 0.0173% of the image is below the 0.50% threshold; plates this small are hard to learn
D:\DATN\datasets\raw\roboflow_eric_nguyen\train\images\326c3286bcb5b2b0_jpg.rf.663be5b6a4cd811b9ae5c2a5fab7805b.jpg,warning,small_box,0,box area 0.0237% of the image is below the 0.50% threshold; plates this small are hard to learn
D:\DATN\datasets\raw\roboflow_eric_nguyen\train\images\326c3286bcb5b2b0_jpg.rf.ffd6fb3f61dac3068f585b86f910387f.jpg,warning,small_box,0,box area 0.0237% of the image is below the 0.50% threshold; plates this small are hard to learn
D:\DATN\datasets\raw\roboflow_eric_nguyen\train\images\343326e127297379_jpg.rf.404dde2d90c6e8b66a27d5d941f7f8ca.jpg,warning,small_box,0,box area 0.1768% of the image is below the 0.50% threshold; plates this small are hard to learn
D:\DATN\datasets\raw\roboflow_eric_nguyen\train\images\343326e127297379_jpg.rf.5bdc4e9cf88ea3061cfda0091bb96ab0.jpg,warning,small_box,0,box area 0.1892% of the image is below the 0.50% threshold; plates this small are hard to learn
D:\DATN\datasets\raw\roboflow_eric_nguyen\train\images\343326e127297379_jpg.rf.e3f2d86149bcf379794cccfadcd43bc3.jpg,warning,small_box,0,box area 0.1527% of the image is below the 0.50% threshold; plates this small are hard to learn
D:\DATN\datasets\raw\roboflow_eric_nguyen\train\images\35875c388efcddf0_jpg.rf.41b28446562f442a2dce361d9fa20f7f.jpg,warning,small_box,0,box area 0.0688% of the image is below the 0.50% threshold; plates this small are hard to learn
D:\DATN\datasets\raw\roboflow_eric_nguyen\train\images\35875c388efcddf0_jpg.rf.5573ab2fbea3caee16bd191edd037e47.jpg,warning,small_box,0,box area 0.0704% of the image is below the 0.50% threshold; plates this small are hard to learn
D:\DATN\datasets\raw\roboflow_eric_nguyen\train\images\35875c388efcddf0_jpg.rf.eb882c7de43851b825751d06817662d3.jpg,warning,small_box,0,box area 0.0704% of the image is below the 0.50% threshold; plates this small are hard to learn
D:\DATN\datasets\raw\roboflow_eric_nguyen\train\images\460753acbd6e6dad_jpg.rf.17df217fea89988119c739501ff2431c.jpg,warning,small_box,0,box area 0.1067% of the image is below the 0.50% threshold; plates this small are hard to learn
D:\DATN\datasets\raw\roboflow_eric_nguyen\train\images\460753acbd6e6dad_jpg.rf.4d3a31b6670e8e5765badc0a07725453.jpg,warning,small_box,0,box area 0.0884% of the image is below the 0.50% threshold; plates this small are hard to learn
D:\DATN\datasets\raw\roboflow_eric_nguyen\train\images\460753acbd6e6dad_jpg.rf.d69701d67d0e04f97b71fcd7425624e9.jpg,warning,small_box,0,box area 0.1067% of the image is below the 0.50% threshold; plates this small are hard to learn
D:\DATN\datasets\raw\roboflow_eric_nguyen\train\images\485e5f37dd13ffab_jpg.rf.0241261e691db9614064cb25d8634697.jpg,warning,small_box,0,box area 0.1591% of the image is below the 0.50% threshold; plates this small are hard to learn
D:\DATN\datasets\raw\roboflow_eric_nguyen\train\images\485e5f37dd13ffab_jpg.rf.6fa26e99f65350701f43dcfb7e52e9de.jpg,warning,small_box,0,box area 0.1344% of the image is below the 0.50% threshold; plates this small are hard to learn
D:\DATN\datasets\raw\roboflow_eric_nguyen\train\images\485e5f37dd13ffab_jpg.rf.b3cc06413dc3fb52a0ab17fb158f93c5.jpg,warning,small_box,0,box area 0.1373% of the image is below the 0.50% threshold; plates this small are hard to learn
D:\DATN\datasets\raw\roboflow_eric_nguyen\train\images\4e593c88022ff6b1_jpg.rf.4fd9e615b371edba013315bb76856467.jpg,warning,small_box,1,box area 0.4698% of the image is below the 0.50% threshold; plates this small are hard to learn
D:\DATN\datasets\raw\roboflow_eric_nguyen\train\images\4e593c88022ff6b1_jpg.rf.b83d06e1c46e85c9afe3d42b8be75410.jpg,warning,small_box,1,box area 0.4809% of the image is below the 0.50% threshold; plates this small are hard to learn
D:\DATN\datasets\raw\roboflow_eric_nguyen\train\images\50631041f74001aa_jpg.rf.026065bbfc100cbe1ae7e88a65c78a2e.jpg,warning,small_box,0,box area 0.1562% of the image is below the 0.50% threshold; plates this small are hard to learn
D:\DATN\datasets\raw\roboflow_eric_nguyen\train\images\50631041f74001aa_jpg.rf.6e38348bf950af73459a952af345c192.jpg,warning,small_box,0,box area 0.1329% of the image is below the 0.50% threshold; plates this small are hard to learn
D:\DATN\datasets\raw\roboflow_eric_nguyen\train\images\50631041f74001aa_jpg.rf.8e021e6275b112ce934e1b0b9bd93238.jpg,warning,small_box,0,box area 0.1479% of the image is below the 0.50% threshold; plates this small are hard to learn
D:\DATN\datasets\raw\roboflow_eric_nguyen\train\images\53925df03b471f5d_jpg.rf.5fb21a2b99682d4134552a5c8046d27b.jpg,warning,small_box,0,box area 0.0527% of the image is below the 0.50% threshold; plates this small are hard to learn
D:\DATN\datasets\raw\roboflow_eric_nguyen\train\images\53925df03b471f5d_jpg.rf.a12474e13031ef144a21f5252c61fce5.jpg,warning,small_box,0,box area 0.0446% of the image is below the 0.50% threshold; plates this small are hard to learn
D:\DATN\datasets\raw\roboflow_eric_nguyen\train\images\53925df03b471f5d_jpg.rf.a7468c547892ecc266743dfb59813ea6.jpg,warning,small_box,0,box area 0.0441% of the image is below the 0.50% threshold; plates this small are hard to learn
D:\DATN\datasets\raw\roboflow_eric_nguyen\train\images\53ad98b12752ad16_jpg.rf.36ab262307e4d786b5c54c47a99b85cb.jpg,warning,small_box,0,box area 0.1655% of the image is below the 0.50% threshold; plates this small are hard to learn
D:\DATN\datasets\raw\roboflow_eric_nguyen\train\images\53ad98b12752ad16_jpg.rf.36ab262307e4d786b5c54c47a99b85cb.jpg,warning,small_box,2,box area 0.0403% of the image is below the 0.50% threshold; plates this small are hard to learn
D:\DATN\datasets\raw\roboflow_eric_nguyen\train\images\53ad98b12752ad16_jpg.rf.36ab262307e4d786b5c54c47a99b85cb.jpg,warning,small_box,3,box area 0.0883% of the image is below the 0.50% threshold; plates this small are hard to learn
D:\DATN\datasets\raw\roboflow_eric_nguyen\train\images\53ad98b12752ad16_jpg.rf.36ab262307e4d786b5c54c47a99b85cb.jpg,warning,small_box,4,box area 0.0607% of the image is below the 0.50% threshold; plates this small are hard to learn
D:\DATN\datasets\raw\roboflow_eric_nguyen\train\images\53ad98b12752ad16_jpg.rf.464663ee81bc89b5ed869d49865d00d3.jpg,warning,small_box,0,box area 0.1568% of the image is below the 0.50% threshold; plates this small are hard to learn
D:\DATN\datasets\raw\roboflow_eric_nguyen\train\images\53ad98b12752ad16_jpg.rf.464663ee81bc89b5ed869d49865d00d3.jpg,warning,small_box,2,box area 0.0368% of the image is below the 0.50% threshold; plates this small are hard to learn
D:\DATN\datasets\raw\roboflow_eric_nguyen\train\images\53ad98b12752ad16_jpg.rf.464663ee81bc89b5ed869d49865d00d3.jpg,warning,small_box,3,box area 0.0726% of the image is below the 0.50% threshold; plates this small are hard to learn
D:\DATN\datasets\raw\roboflow_eric_nguyen\train\images\53ad98b12752ad16_jpg.rf.464663ee81bc89b5ed869d49865d00d3.jpg,warning,small_box,4,box area 0.0607% of the image is below the 0.50% threshold; plates this small are hard to learn
D:\DATN\datasets\raw\roboflow_eric_nguyen\train\images\53ad98b12752ad16_jpg.rf.7a524611ca3cfa6938bd7a599198d0ad.jpg,warning,small_box,0,box area 0.1664% of the image is below the 0.50% threshold; plates this small are hard to learn
D:\DATN\datasets\raw\roboflow_eric_nguyen\train\images\53ad98b12752ad16_jpg.rf.7a524611ca3cfa6938bd7a599198d0ad.jpg,warning,small_box,2,box area 0.0408% of the image is below the 0.50% threshold; plates this small are hard to learn
D:\DATN\datasets\raw\roboflow_eric_nguyen\train\images\53ad98b12752ad16_jpg.rf.7a524611ca3cfa6938bd7a599198d0ad.jpg,warning,small_box,3,box area 0.0733% of the image is below the 0.50% threshold; plates this small are hard to learn
D:\DATN\datasets\raw\roboflow_eric_nguyen\train\images\53ad98b12752ad16_jpg.rf.7a524611ca3cfa6938bd7a599198d0ad.jpg,warning,small_box,4,box area 0.0526% of the image is below the 0.50% threshold; plates this small are hard to learn
D:\DATN\datasets\raw\roboflow_eric_nguyen\train\images\548a8e997a66a0c4_jpg.rf.18182f5625711c8fe29c38435e7a0912.jpg,warning,small_box,1,box area 0.0296% of the image is below the 0.50% threshold; plates this small are hard to learn
D:\DATN\datasets\raw\roboflow_eric_nguyen\train\images\548a8e997a66a0c4_jpg.rf.20434a9c421956f891ca6e4232ef494d.jpg,warning,small_box,1,box area 0.0361% of the image is below the 0.50% threshold; plates this small are hard to learn
D:\DATN\datasets\raw\roboflow_eric_nguyen\train\images\548a8e997a66a0c4_jpg.rf.3a031fe783ff29949c1f70fd1349ef66.jpg,warning,small_box,1,box area 0.0364% of the image is below the 0.50% threshold; plates this small are hard to learn
D:\DATN\datasets\raw\roboflow_eric_nguyen\train\images\5a122adbb1a776b7_jpg.rf.8852cb55728d919e02e8786002cda1d7.jpg,warning,small_box,0,box area 0.0136% of the image is below the 0.50% threshold; plates this small are hard to learn
D:\DATN\datasets\raw\roboflow_eric_nguyen\train\images\5a122adbb1a776b7_jpg.rf.8852cb55728d919e02e8786002cda1d7.jpg,warning,small_box,1,box area 0.4673% of the image is below the 0.50% threshold; plates this small are hard to learn
D:\DATN\datasets\raw\roboflow_eric_nguyen\train\images\5a122adbb1a776b7_jpg.rf.8852cb55728d919e02e8786002cda1d7.jpg,warning,small_box,3,box area 0.0825% of the image is below the 0.50% threshold; plates this small are hard to learn
D:\DATN\datasets\raw\roboflow_eric_nguyen\train\images\5a122adbb1a776b7_jpg.rf.8852cb55728d919e02e8786002cda1d7.jpg,warning,small_box,4,box area 0.0815% of the image is below the 0.50% threshold; plates this small are hard to learn
D:\DATN\datasets\raw\roboflow_eric_nguyen\train\images\5a122adbb1a776b7_jpg.rf.b2a7e908866bba517518dd0fa5c0a450.jpg,warning,small_box,0,box area 0.0134% of the image is below the 0.50% threshold; plates this small are hard to learn
D:\DATN\datasets\raw\roboflow_eric_nguyen\train\images\5a122adbb1a776b7_jpg.rf.b2a7e908866bba517518dd0fa5c0a450.jpg,warning,small_box,3,box area 0.0876% of the image is below the 0.50% threshold; plates this small are hard to learn
D:\DATN\datasets\raw\roboflow_eric_nguyen\train\images\5a122adbb1a776b7_jpg.rf.b2a7e908866bba517518dd0fa5c0a450.jpg,warning,small_box,4,box area 0.0839% of the image is below the 0.50% threshold; plates this small are hard to learn
D:\DATN\datasets\raw\roboflow_eric_nguyen\train\images\5a122adbb1a776b7_jpg.rf.f01f75409fd06b486b6ebc94aa1eef1e.jpg,warning,small_box,0,box area 0.0136% of the image is below the 0.50% threshold; plates this small are hard to learn
D:\DATN\datasets\raw\roboflow_eric_nguyen\train\images\5a122adbb1a776b7_jpg.rf.f01f75409fd06b486b6ebc94aa1eef1e.jpg,warning,small_box,3,box area 0.0876% of the image is below the 0.50% threshold; plates this small are hard to learn
D:\DATN\datasets\raw\roboflow_eric_nguyen\train\images\5a122adbb1a776b7_jpg.rf.f01f75409fd06b486b6ebc94aa1eef1e.jpg,warning,small_box,4,box area 0.0823% of the image is below the 0.50% threshold; plates this small are hard to learn
D:\DATN\datasets\raw\roboflow_eric_nguyen\train\images\5df8816356fc2b29_jpg.rf.02bbec391373ec1cb9ef7ff9585f7bc8.jpg,warning,small_box,0,box area 0.2099% of the image is below the 0.50% threshold; plates this small are hard to learn
D:\DATN\datasets\raw\roboflow_eric_nguyen\train\images\5df8816356fc2b29_jpg.rf.3d1a4bb1804f83da9d861bd6ee4f5367.jpg,warning,small_box,0,box area 0.2099% of the image is below the 0.50% threshold; plates this small are hard to learn
D:\DATN\datasets\raw\roboflow_eric_nguyen\train\images\5df8816356fc2b29_jpg.rf.c67dbde170eca9ee221af8be68fb66e0.jpg,warning,small_box,0,box area 0.1931% of the image is below the 0.50% threshold; plates this small are hard to learn
D:\DATN\datasets\raw\roboflow_eric_nguyen\train\images\620bd952592bc0e9_jpg.rf.2f8fd0d2f2698fb5c8faa990add041c5.jpg,warning,small_box,0,box area 0.1672% of the image is below the 0.50% threshold; plates this small are hard to learn
D:\DATN\datasets\raw\roboflow_eric_nguyen\train\images\620bd952592bc0e9_jpg.rf.399361fe56a4406bfd24e128840282d0.jpg,warning,small_box,0,box area 0.1589% of the image is below the 0.50% threshold; plates this small are hard to learn
D:\DATN\datasets\raw\roboflow_eric_nguyen\train\images\620bd952592bc0e9_jpg.rf.6c5876e7eea608f62e772a979bdb93bd.jpg,warning,small_box,0,box area 0.1441% of the image is below the 0.50% threshold; plates this small are hard to learn
D:\DATN\datasets\raw\roboflow_eric_nguyen\train\images\6306fc7f3573eb70_jpg.rf.19fac79bdd801434df4a1bc7f916dd6e.jpg,warning,small_box,0,box area 0.0294% of the image is below the 0.50% threshold; plates this small are hard to learn
D:\DATN\datasets\raw\roboflow_eric_nguyen\train\images\6306fc7f3573eb70_jpg.rf.19fac79bdd801434df4a1bc7f916dd6e.jpg,warning,small_box,1,box area 0.0697% of the image is below the 0.50% threshold; plates this small are hard to learn
D:\DATN\datasets\raw\roboflow_eric_nguyen\train\images\6306fc7f3573eb70_jpg.rf.5c9b3ea0220f811a0317bebe634e15ad.jpg,warning,small_box,0,box area 0.0298% of the image is below the 0.50% threshold; plates this small are hard to learn
D:\DATN\datasets\raw\roboflow_eric_nguyen\train\images\6306fc7f3573eb70_jpg.rf.5c9b3ea0220f811a0317bebe634e15ad.jpg,warning,small_box,1,box area 0.0703% of the image is below the 0.50% threshold; plates this small are hard to learn
D:\DATN\datasets\raw\roboflow_eric_nguyen\train\images\6306fc7f3573eb70_jpg.rf.645a969dc724eec458f896a8731040a9.jpg,warning,small_box,0,box area 0.0301% of the image is below the 0.50% threshold; plates this small are hard to learn
D:\DATN\datasets\raw\roboflow_eric_nguyen\train\images\6306fc7f3573eb70_jpg.rf.645a969dc724eec458f896a8731040a9.jpg,warning,small_box,1,box area 0.0697% of the image is below the 0.50% threshold; plates this small are hard to learn
D:\DATN\datasets\raw\roboflow_eric_nguyen\train\images\6504632e0dc25997_jpg.rf.0a056920e35d26e1ba57de1280550769.jpg,warning,small_box,0,box area 0.0181% of the image is below the 0.50% threshold; plates this small are hard to learn
D:\DATN\datasets\raw\roboflow_eric_nguyen\train\images\6504632e0dc25997_jpg.rf.a2b9fbb953c62f7360068aa9b704f454.jpg,warning,small_box,0,box area 0.0181% of the image is below the 0.50% threshold; plates this small are hard to learn
D:\DATN\datasets\raw\roboflow_eric_nguyen\train\images\6504632e0dc25997_jpg.rf.d90b99fbdc1c81d821518c3399b38544.jpg,warning,small_box,0,box area 0.0176% of the image is below the 0.50% threshold; plates this small are hard to learn
D:\DATN\datasets\raw\roboflow_eric_nguyen\train\images\65e080f9ac466664_jpg.rf.53fc67e638d004c2df50d0f0c60da8ba.jpg,warning,small_box,0,box area 0.0746% of the image is below the 0.50% threshold; plates this small are hard to learn
D:\DATN\datasets\raw\roboflow_eric_nguyen\train\images\65e080f9ac466664_jpg.rf.83c37719083db50732de2b0672a3890c.jpg,warning,small_box,0,box area 0.0837% of the image is below the 0.50% threshold; plates this small are hard to learn
D:\DATN\datasets\raw\roboflow_eric_nguyen\train\images\65e080f9ac466664_jpg.rf.dd3dc16ee8053c87156aed6fbb638e17.jpg,warning,small_box,0,box area 0.0746% of the image is below the 0.50% threshold; plates this small are hard to learn
D:\DATN\datasets\raw\roboflow_eric_nguyen\train\images\67c834b73882a9f9_jpg.rf.598a06c7c5e597e0393605febfad4105.jpg,warning,small_box,0,box area 0.0981% of the image is below the 0.50% threshold; plates this small are hard to learn
D:\DATN\datasets\raw\roboflow_eric_nguyen\train\images\67c834b73882a9f9_jpg.rf.598a06c7c5e597e0393605febfad4105.jpg,warning,small_box,2,box area 0.0818% of the image is below the 0.50% threshold; plates this small are hard to learn
D:\DATN\datasets\raw\roboflow_eric_nguyen\train\images\67c834b73882a9f9_jpg.rf.6e92e288fc802cc92e1bcbc1a0e2079e.jpg,warning,small_box,0,box area 0.0873% of the image is below the 0.50% threshold; plates this small are hard to learn
D:\DATN\datasets\raw\roboflow_eric_nguyen\train\images\67c834b73882a9f9_jpg.rf.6e92e288fc802cc92e1bcbc1a0e2079e.jpg,warning,small_box,2,box area 0.0992% of the image is below the 0.50% threshold; plates this small are hard to learn
D:\DATN\datasets\raw\roboflow_eric_nguyen\train\images\67c834b73882a9f9_jpg.rf.ae3f944ea4a1fde02456e540a0995812.jpg,warning,small_box,0,box area 0.0729% of the image is below the 0.50% threshold; plates this small are hard to learn
D:\DATN\datasets\raw\roboflow_eric_nguyen\train\images\67c834b73882a9f9_jpg.rf.ae3f944ea4a1fde02456e540a0995812.jpg,warning,small_box,2,box area 0.0811% of the image is below the 0.50% threshold; plates this small are hard to learn
D:\DATN\datasets\raw\roboflow_eric_nguyen\train\images\71881a9c0f7f0a86_jpg.rf.6874a52453e107b9308d5d2979d2905a.jpg,warning,small_box,1,box area 0.0786% of the image is below the 0.50% threshold; plates this small are hard to learn
D:\DATN\datasets\raw\roboflow_eric_nguyen\train\images\71881a9c0f7f0a86_jpg.rf.b0e9cc605c24073ce9e5e5dda3d8cd89.jpg,warning,small_box,1,box area 0.0679% of the image is below the 0.50% threshold; plates this small are hard to learn
D:\DATN\datasets\raw\roboflow_eric_nguyen\train\images\71881a9c0f7f0a86_jpg.rf.ec13bb6ef611af6c87ac182d7ae34903.jpg,warning,small_box,1,box area 0.0696% of the image is below the 0.50% threshold; plates this small are hard to learn
D:\DATN\datasets\raw\roboflow_eric_nguyen\train\images\7b4e86e1c94d65de_jpg.rf.5840b3d3189e432cef8d01083dcb1e04.jpg,warning,small_box,0,box area 0.0992% of the image is below the 0.50% threshold; plates this small are hard to learn
D:\DATN\datasets\raw\roboflow_eric_nguyen\train\images\7b4e86e1c94d65de_jpg.rf.a4b1821d62a6a69470351e9d3ba14abd.jpg,warning,small_box,0,box area 0.0811% of the image is below the 0.50% threshold; plates this small are hard to learn
D:\DATN\datasets\raw\roboflow_eric_nguyen\train\images\7b4e86e1c94d65de_jpg.rf.f21f84f53ec78e4dc5dc2dd664b71349.jpg,warning,small_box,0,box area 0.0818% of the image is below the 0.50% threshold; plates this small are hard to learn
D:\DATN\datasets\raw\roboflow_eric_nguyen\train\images\82b53fe7f9147c96_jpg.rf.092118846f5892c054356ccc2ace2193.jpg,warning,small_box,0,box area 0.3712% of the image is below the 0.50% threshold; plates this small are hard to learn
D:\DATN\datasets\raw\roboflow_eric_nguyen\train\images\82b53fe7f9147c96_jpg.rf.bf30710b81b7e5cae48ac37e42e0b0c8.jpg,warning,small_box,0,box area 0.4281% of the image is below the 0.50% threshold; plates this small are hard to learn
D:\DATN\datasets\raw\roboflow_eric_nguyen\train\images\82b53fe7f9147c96_jpg.rf.e443b0e4b69a61915764f5804ff2b806.jpg,warning,small_box,0,box area 0.4102% of the image is below the 0.50% threshold; plates this small are hard to learn
D:\DATN\datasets\raw\roboflow_eric_nguyen\train\images\8ceed1ec9bc3ac45_jpg.rf.3bd801d75d2a89c02c74faedb49f3d6a.jpg,warning,small_box,1,box area 0.0210% of the image is below the 0.50% threshold; plates this small are hard to learn
D:\DATN\datasets\raw\roboflow_eric_nguyen\train\images\8ceed1ec9bc3ac45_jpg.rf.3bd801d75d2a89c02c74faedb49f3d6a.jpg,warning,small_box,2,box area 0.0331% of the image is below the 0.50% threshold; plates this small are hard to learn
D:\DATN\datasets\raw\roboflow_eric_nguyen\train\images\8ceed1ec9bc3ac45_jpg.rf.b810c944e3be03fe02abf7090c9f6e66.jpg,warning,small_box,1,box area 0.0293% of the image is below the 0.50% threshold; plates this small are hard to learn
D:\DATN\datasets\raw\roboflow_eric_nguyen\train\images\8ceed1ec9bc3ac45_jpg.rf.b810c944e3be03fe02abf7090c9f6e66.jpg,warning,small_box,2,box area 0.0325% of the image is below the 0.50% threshold; plates this small are hard to learn
D:\DATN\datasets\raw\roboflow_eric_nguyen\train\images\8ceed1ec9bc3ac45_jpg.rf.db1a3901d804addb83fcaa81da0e118d.jpg,warning,small_box,1,box area 0.0210% of the image is below the 0.50% threshold; plates this small are hard to learn
D:\DATN\datasets\raw\roboflow_eric_nguyen\train\images\8ceed1ec9bc3ac45_jpg.rf.db1a3901d804addb83fcaa81da0e118d.jpg,warning,small_box,2,box area 0.0331% of the image is below the 0.50% threshold; plates this small are hard to learn
D:\DATN\datasets\raw\roboflow_eric_nguyen\train\images\90596bf3313e72e3_jpg.rf.00d3fe63807c548bf7565ae734f013fa.jpg,warning,small_box,1,box area 0.0756% of the image is below the 0.50% threshold; plates this small are hard to learn
D:\DATN\datasets\raw\roboflow_eric_nguyen\train\images\90596bf3313e72e3_jpg.rf.42935955d94f3d9c5fc7181069212bf5.jpg,warning,small_box,1,box area 0.0933% of the image is below the 0.50% threshold; plates this small are hard to learn
D:\DATN\datasets\raw\roboflow_eric_nguyen\train\images\90596bf3313e72e3_jpg.rf.5bf1ef20670cd267288a937600387a13.jpg,warning,small_box,1,box area 0.0856% of the image is below the 0.50% threshold; plates this small are hard to learn
D:\DATN\datasets\raw\roboflow_eric_nguyen\train\images\90abd4265adf5a00_jpg.rf.2d960e50003d10447a2eb618fa525d0e.jpg,warning,small_box,0,box area 0.0925% of the image is below the 0.50% threshold; plates this small are hard to learn
D:\DATN\datasets\raw\roboflow_eric_nguyen\train\images\90abd4265adf5a00_jpg.rf.2d960e50003d10447a2eb618fa525d0e.jpg,warning,small_box,1,box area 0.0385% of the image is below the 0.50% threshold; plates this small are hard to learn
D:\DATN\datasets\raw\roboflow_eric_nguyen\train\images\90abd4265adf5a00_jpg.rf.2d960e50003d10447a2eb618fa525d0e.jpg,warning,small_box,2,box area 0.0755% of the image is below the 0.50% threshold; plates this small are hard to learn
D:\DATN\datasets\raw\roboflow_eric_nguyen\train\images\90abd4265adf5a00_jpg.rf.2d960e50003d10447a2eb618fa525d0e.jpg,warning,small_box,3,box area 0.0195% of the image is below the 0.50% threshold; plates this small are hard to learn
D:\DATN\datasets\raw\roboflow_eric_nguyen\train\images\90abd4265adf5a00_jpg.rf.2d960e50003d10447a2eb618fa525d0e.jpg,warning,small_box,4,box area 0.0445% of the image is below the 0.50% threshold; plates this small are hard to learn
D:\DATN\datasets\raw\roboflow_eric_nguyen\train\images\90abd4265adf5a00_jpg.rf.2d960e50003d10447a2eb618fa525d0e.jpg,warning,small_box,5,box area 0.0224% of the image is below the 0.50% threshold; plates this small are hard to learn
D:\DATN\datasets\raw\roboflow_eric_nguyen\train\images\90abd4265adf5a00_jpg.rf.2d960e50003d10447a2eb618fa525d0e.jpg,warning,small_box,6,box area 0.1905% of the image is below the 0.50% threshold; plates this small are hard to learn
D:\DATN\datasets\raw\roboflow_eric_nguyen\train\images\90abd4265adf5a00_jpg.rf.2d960e50003d10447a2eb618fa525d0e.jpg,warning,small_box,7,box area 0.0376% of the image is below the 0.50% threshold; plates this small are hard to learn
D:\DATN\datasets\raw\roboflow_eric_nguyen\train\images\90abd4265adf5a00_jpg.rf.4b8d4a1ab059d56e70b2d34c1b08940a.jpg,warning,small_box,0,box area 0.0829% of the image is below the 0.50% threshold; plates this small are hard to learn
D:\DATN\datasets\raw\roboflow_eric_nguyen\train\images\90abd4265adf5a00_jpg.rf.4b8d4a1ab059d56e70b2d34c1b08940a.jpg,warning,small_box,1,box area 0.0385% of the image is below the 0.50% threshold; plates this small are hard to learn
D:\DATN\datasets\raw\roboflow_eric_nguyen\train\images\90abd4265adf5a00_jpg.rf.4b8d4a1ab059d56e70b2d34c1b08940a.jpg,warning,small_box,2,box area 0.0832% of the image is below the 0.50% threshold; plates this small are hard to learn
D:\DATN\datasets\raw\roboflow_eric_nguyen\train\images\90abd4265adf5a00_jpg.rf.4b8d4a1ab059d56e70b2d34c1b08940a.jpg,warning,small_box,3,box area 0.0153% of the image is below the 0.50% threshold; plates this small are hard to learn
D:\DATN\datasets\raw\roboflow_eric_nguyen\train\images\90abd4265adf5a00_jpg.rf.4b8d4a1ab059d56e70b2d34c1b08940a.jpg,warning,small_box,4,box area 0.0381% of the image is below the 0.50% threshold; plates this small are hard to learn
D:\DATN\datasets\raw\roboflow_eric_nguyen\train\images\90abd4265adf5a00_jpg.rf.4b8d4a1ab059d56e70b2d34c1b08940a.jpg,warning,small_box,5,box area 0.0218% of the image is below the 0.50% threshold; plates this small are hard to learn
D:\DATN\datasets\raw\roboflow_eric_nguyen\train\images\90abd4265adf5a00_jpg.rf.4b8d4a1ab059d56e70b2d34c1b08940a.jpg,warning,small_box,6,box area 0.1665% of the image is below the 0.50% threshold; plates this small are hard to learn
D:\DATN\datasets\raw\roboflow_eric_nguyen\train\images\90abd4265adf5a00_jpg.rf.4b8d4a1ab059d56e70b2d34c1b08940a.jpg,warning,small_box,7,box area 0.0376% of the image is below the 0.50% threshold; plates this small are hard to learn
D:\DATN\datasets\raw\roboflow_eric_nguyen\train\images\90abd4265adf5a00_jpg.rf.7531b744bd8034788263c3171eae78f1.jpg,warning,small_box,0,box area 0.0829% of the image is below the 0.50% threshold; plates this small are hard to learn
D:\DATN\datasets\raw\roboflow_eric_nguyen\train\images\90abd4265adf5a00_jpg.rf.7531b744bd8034788263c3171eae78f1.jpg,warning,small_box,1,box area 0.0377% of the image is below the 0.50% threshold; plates this small are hard to learn
D:\DATN\datasets\raw\roboflow_eric_nguyen\train\images\90abd4265adf5a00_jpg.rf.7531b744bd8034788263c3171eae78f1.jpg,warning,small_box,2,box area 0.0755% of the image is below the 0.50% threshold; plates this small are hard to learn
D:\DATN\datasets\raw\roboflow_eric_nguyen\train\images\90abd4265adf5a00_jpg.rf.7531b744bd8034788263c3171eae78f1.jpg,warning,small_box,3,box area 0.0150% of the image is below the 0.50% threshold; plates this small are hard to learn
D:\DATN\datasets\raw\roboflow_eric_nguyen\train\images\90abd4265adf5a00_jpg.rf.7531b744bd8034788263c3171eae78f1.jpg,warning,small_box,4,box area 0.0381% of the image is below the 0.50% threshold; plates this small are hard to learn
D:\DATN\datasets\raw\roboflow_eric_nguyen\train\images\90abd4265adf5a00_jpg.rf.7531b744bd8034788263c3171eae78f1.jpg,warning,small_box,5,box area 0.0218% of the image is below the 0.50% threshold; plates this small are hard to learn
D:\DATN\datasets\raw\roboflow_eric_nguyen\train\images\90abd4265adf5a00_jpg.rf.7531b744bd8034788263c3171eae78f1.jpg,warning,small_box,6,box area 0.1879% of the image is below the 0.50% threshold; plates this small are hard to learn
D:\DATN\datasets\raw\roboflow_eric_nguyen\train\images\90abd4265adf5a00_jpg.rf.7531b744bd8034788263c3171eae78f1.jpg,warning,small_box,7,box area 0.0368% of the image is below the 0.50% threshold; plates this small are hard to learn
D:\DATN\datasets\raw\roboflow_eric_nguyen\train\images\911e694dcc0814bf_jpg.rf.8d398b4747962b4925b8a36fb27daa44.jpg,warning,small_box,0,box area 0.0660% of the image is below the 0.50% threshold; plates this small are hard to learn
D:\DATN\datasets\raw\roboflow_eric_nguyen\train\images\911e694dcc0814bf_jpg.rf.8d398b4747962b4925b8a36fb27daa44.jpg,warning,small_box,1,box area 0.0444% of the image is below the 0.50% threshold; plates this small are hard to learn
D:\DATN\datasets\raw\roboflow_eric_nguyen\train\images\911e694dcc0814bf_jpg.rf.8d398b4747962b4925b8a36fb27daa44.jpg,warning,small_box,3,box area 0.2134% of the image is below the 0.50% threshold; plates this small are hard to learn
D:\DATN\datasets\raw\roboflow_eric_nguyen\train\images\911e694dcc0814bf_jpg.rf.a794d152f5adc878225bd8bf6cea57d5.jpg,warning,small_box,0,box area 0.0752% of the image is below the 0.50% threshold; plates this small are hard to learn
D:\DATN\datasets\raw\roboflow_eric_nguyen\train\images\911e694dcc0814bf_jpg.rf.a794d152f5adc878225bd8bf6cea57d5.jpg,warning,small_box,1,box area 0.0439% of the image is below the 0.50% threshold; plates this small are hard to learn
D:\DATN\datasets\raw\roboflow_eric_nguyen\train\images\911e694dcc0814bf_jpg.rf.a794d152f5adc878225bd8bf6cea57d5.jpg,warning,small_box,3,box area 0.2291% of the image is below the 0.50% threshold; plates this small are hard to learn
D:\DATN\datasets\raw\roboflow_eric_nguyen\train\images\911e694dcc0814bf_jpg.rf.cdacdbd30d611bc95364ddec56b5d4c8.jpg,warning,small_box,0,box area 0.0752% of the image is below the 0.50% threshold; plates this small are hard to learn
D:\DATN\datasets\raw\roboflow_eric_nguyen\train\images\911e694dcc0814bf_jpg.rf.cdacdbd30d611bc95364ddec56b5d4c8.jpg,warning,small_box,1,box area 0.0567% of the image is below the 0.50% threshold; plates this small are hard to learn
D:\DATN\datasets\raw\roboflow_eric_nguyen\train\images\911e694dcc0814bf_jpg.rf.cdacdbd30d611bc95364ddec56b5d4c8.jpg,warning,small_box,3,box area 0.2145% of the image is below the 0.50% threshold; plates this small are hard to learn
D:\DATN\datasets\raw\roboflow_eric_nguyen\train\images\9238f5062ff1dc8d_jpg.rf.18693c1a6f55b55d0a18ac73986ce485.jpg,warning,small_box,0,box area 0.4275% of the image is below the 0.50% threshold; plates this small are hard to learn
D:\DATN\datasets\raw\roboflow_eric_nguyen\train\images\9238f5062ff1dc8d_jpg.rf.839665c5d2941b76b8b5a4c53c92490d.jpg,warning,small_box,0,box area 0.4300% of the image is below the 0.50% threshold; plates this small are hard to learn
D:\DATN\datasets\raw\roboflow_eric_nguyen\train\images\9238f5062ff1dc8d_jpg.rf.c66c209533681eedeccfbe71a2dc3bd8.jpg,warning,small_box,0,box area 0.4927% of the image is below the 0.50% threshold; plates this small are hard to learn
D:\DATN\datasets\raw\roboflow_eric_nguyen\train\images\98bcfbc4d3c8abbc_jpg.rf.6f74ef0ff97195c96789723bb9bc5ece.jpg,warning,small_box,0,box area 0.3150% of the image is below the 0.50% threshold; plates this small are hard to learn
D:\DATN\datasets\raw\roboflow_eric_nguyen\train\images\98bcfbc4d3c8abbc_jpg.rf.6f74ef0ff97195c96789723bb9bc5ece.jpg,warning,small_box,1,box area 0.0420% of the image is below the 0.50% threshold; plates this small are hard to learn
D:\DATN\datasets\raw\roboflow_eric_nguyen\train\images\98bcfbc4d3c8abbc_jpg.rf.77efac1dc066ba0152ce2b11440cfea9.jpg,warning,small_box,0,box area 0.3011% of the image is below the 0.50% threshold; plates this small are hard to learn
D:\DATN\datasets\raw\roboflow_eric_nguyen\train\images\98bcfbc4d3c8abbc_jpg.rf.77efac1dc066ba0152ce2b11440cfea9.jpg,warning,small_box,1,box area 0.0456% of the image is below the 0.50% threshold; plates this small are hard to learn
D:\DATN\datasets\raw\roboflow_eric_nguyen\train\images\98bcfbc4d3c8abbc_jpg.rf.cc8af7a6aa7c70ffd692dba38f19d97d.jpg,warning,small_box,0,box area 0.2780% of the image is below the 0.50% threshold; plates this small are hard to learn
D:\DATN\datasets\raw\roboflow_eric_nguyen\train\images\98bcfbc4d3c8abbc_jpg.rf.cc8af7a6aa7c70ffd692dba38f19d97d.jpg,warning,small_box,1,box area 0.0375% of the image is below the 0.50% threshold; plates this small are hard to learn
D:\DATN\datasets\raw\roboflow_eric_nguyen\train\images\99732f172ac80128_jpg.rf.709c572811cb0132c0e5775b2ea27288.jpg,warning,small_box,0,box area 0.0567% of the image is below the 0.50% threshold; plates this small are hard to learn
D:\DATN\datasets\raw\roboflow_eric_nguyen\train\images\99732f172ac80128_jpg.rf.9f37bfa3549f6a36a037962835c162c8.jpg,warning,small_box,0,box area 0.0558% of the image is below the 0.50% threshold; plates this small are hard to learn
D:\DATN\datasets\raw\roboflow_eric_nguyen\train\images\99732f172ac80128_jpg.rf.d29049da9e1acb758b19430b8b8aa9aa.jpg,warning,small_box,0,box area 0.0574% of the image is below the 0.50% threshold; plates this small are hard to learn
D:\DATN\datasets\raw\roboflow_eric_nguyen\train\images\99c9c657582f958f_jpg.rf.3bdac5673f4dc5f1177f7aa06430bd03.jpg,warning,small_box,0,box area 0.1103% of the image is below the 0.50% threshold; plates this small are hard to learn
D:\DATN\datasets\raw\roboflow_eric_nguyen\train\images\99c9c657582f958f_jpg.rf.dd44f0763b64df5a0f7477021c5f4275.jpg,warning,small_box,0,box area 0.0934% of the image is below the 0.50% threshold; plates this small are hard to learn
D:\DATN\datasets\raw\roboflow_eric_nguyen\train\images\99c9c657582f958f_jpg.rf.dd44f0763b64df5a0f7477021c5f4275.jpg,warning,small_box,1,box area 0.4717% of the image is below the 0.50% threshold; plates this small are hard to learn
D:\DATN\datasets\raw\roboflow_eric_nguyen\train\images\99c9c657582f958f_jpg.rf.e51d59854d99da48df4ca47c56f1d936.jpg,warning,small_box,0,box area 0.0922% of the image is below the 0.50% threshold; plates this small are hard to learn
D:\DATN\datasets\raw\roboflow_eric_nguyen\train\images\99c9c657582f958f_jpg.rf.e51d59854d99da48df4ca47c56f1d936.jpg,warning,small_box,1,box area 0.4955% of the image is below the 0.50% threshold; plates this small are hard to learn
D:\DATN\datasets\raw\roboflow_eric_nguyen\train\images\a3ad91fabd188be3_jpg.rf.1a04df1d0854fe989bf255e9ceab8c2c.jpg,warning,small_box,1,box area 0.1279% of the image is below the 0.50% threshold; plates this small are hard to learn
D:\DATN\datasets\raw\roboflow_eric_nguyen\train\images\a3ad91fabd188be3_jpg.rf.6da42dd7f4237f75eee906b3539bf981.jpg,warning,small_box,1,box area 0.1293% of the image is below the 0.50% threshold; plates this small are hard to learn
D:\DATN\datasets\raw\roboflow_eric_nguyen\train\images\a3ad91fabd188be3_jpg.rf.ccde308a6b39399bb7f4b807a731e6db.jpg,warning,small_box,1,box area 0.1407% of the image is below the 0.50% threshold; plates this small are hard to learn
D:\DATN\datasets\raw\roboflow_eric_nguyen\train\images\aac1aaaf824b63dd_jpg.rf.8231e5261f5145ed65880352668f9374.jpg,warning,small_box,0,box area 0.1054% of the image is below the 0.50% threshold; plates this small are hard to learn
D:\DATN\datasets\raw\roboflow_eric_nguyen\train\images\aac1aaaf824b63dd_jpg.rf.c2131ae56f834eee83e0157862bafd69.jpg,warning,small_box,0,box area 0.1067% of the image is below the 0.50% threshold; plates this small are hard to learn
D:\DATN\datasets\raw\roboflow_eric_nguyen\train\images\aac1aaaf824b63dd_jpg.rf.f00e12a3335e631ba59db3281e32c46e.jpg,warning,small_box,0,box area 0.1263% of the image is below the 0.50% threshold; plates this small are hard to learn
D:\DATN\datasets\raw\roboflow_eric_nguyen\train\images\abca9401dcf8f7ba_jpg.rf.372dc15f5a37ce44c005e762811a0042.jpg,warning,small_box,0,box area 0.3363% of the image is below the 0.50% threshold; plates this small are hard to learn
D:\DATN\datasets\raw\roboflow_eric_nguyen\train\images\abca9401dcf8f7ba_jpg.rf.97cf3cf1e941ac5454eedfa884214d87.jpg,warning,small_box,0,box area 0.3457% of the image is below the 0.50% threshold; plates this small are hard to learn
D:\DATN\datasets\raw\roboflow_eric_nguyen\train\images\abca9401dcf8f7ba_jpg.rf.cdd79af2682efe4b1e95b13dc46ae695.jpg,warning,small_box,0,box area 0.3457% of the image is below the 0.50% threshold; plates this small are hard to learn
D:\DATN\datasets\raw\roboflow_eric_nguyen\train\images\aca8821ff0368720_jpg.rf.46af8d88ca33518999fa1b7fee853ef4.jpg,warning,small_box,0,box area 0.1751% of the image is below the 0.50% threshold; plates this small are hard to learn
D:\DATN\datasets\raw\roboflow_eric_nguyen\train\images\aca8821ff0368720_jpg.rf.498e43f32ff2071c38e45d1c84eee800.jpg,warning,small_box,0,box area 0.2017% of the image is below the 0.50% threshold; plates this small are hard to learn
D:\DATN\datasets\raw\roboflow_eric_nguyen\train\images\aca8821ff0368720_jpg.rf.fef9a55b16dd0643cf223f6833825b7b.jpg,warning,small_box,0,box area 0.1768% of the image is below the 0.50% threshold; plates this small are hard to learn
D:\DATN\datasets\raw\roboflow_eric_nguyen\train\images\aefe747315dd79fc_jpg.rf.210d79d69ef963b15ed003b69bd0aaf5.jpg,warning,small_box,1,box area 0.1552% of the image is below the 0.50% threshold; plates this small are hard to learn
D:\DATN\datasets\raw\roboflow_eric_nguyen\train\images\aefe747315dd79fc_jpg.rf.2c101bfc656681a9b960a58e8ce7ed47.jpg,warning,small_box,1,box area 0.1526% of the image is below the 0.50% threshold; plates this small are hard to learn
D:\DATN\datasets\raw\roboflow_eric_nguyen\train\images\aefe747315dd79fc_jpg.rf.c4f7d79fe30a3a5619e3cabb4b50cc5d.jpg,warning,small_box,1,box area 0.1793% of the image is below the 0.50% threshold; plates this small are hard to learn
D:\DATN\datasets\raw\roboflow_eric_nguyen\train\images\b076ad266891d7aa_jpg.rf.38fb64b6d131c8e8c945b37852ebf01a.jpg,warning,small_box,0,box area 0.1240% of the image is below the 0.50% threshold; plates this small are hard to learn
D:\DATN\datasets\raw\roboflow_eric_nguyen\train\images\b076ad266891d7aa_jpg.rf.38fb64b6d131c8e8c945b37852ebf01a.jpg,warning,small_box,1,box area 0.0698% of the image is below the 0.50% threshold; plates this small are hard to learn
D:\DATN\datasets\raw\roboflow_eric_nguyen\train\images\b076ad266891d7aa_jpg.rf.4dcf2f5e7c30abc37841442bcb125df5.jpg,warning,small_box,0,box area 0.1366% of the image is below the 0.50% threshold; plates this small are hard to learn
D:\DATN\datasets\raw\roboflow_eric_nguyen\train\images\b076ad266891d7aa_jpg.rf.4dcf2f5e7c30abc37841442bcb125df5.jpg,warning,small_box,1,box area 0.0730% of the image is below the 0.50% threshold; plates this small are hard to learn
D:\DATN\datasets\raw\roboflow_eric_nguyen\train\images\b076ad266891d7aa_jpg.rf.ecbfab9a3d845ea8e9d6c607ca3dab13.jpg,warning,small_box,0,box area 0.1366% of the image is below the 0.50% threshold; plates this small are hard to learn
D:\DATN\datasets\raw\roboflow_eric_nguyen\train\images\b076ad266891d7aa_jpg.rf.ecbfab9a3d845ea8e9d6c607ca3dab13.jpg,warning,small_box,1,box area 0.0730% of the image is below the 0.50% threshold; plates this small are hard to learn
D:\DATN\datasets\raw\roboflow_eric_nguyen\train\images\b8a3f2ea385e45b3_jpg.rf.4686a1197723eff0903b3a0bb71da13b.jpg,warning,small_box,0,box area 0.0958% of the image is below the 0.50% threshold; plates this small are hard to learn
D:\DATN\datasets\raw\roboflow_eric_nguyen\train\images\b8a3f2ea385e45b3_jpg.rf.4686a1197723eff0903b3a0bb71da13b.jpg,warning,small_box,1,box area 0.2252% of the image is below the 0.50% threshold; plates this small are hard to learn
D:\DATN\datasets\raw\roboflow_eric_nguyen\train\images\b8a3f2ea385e45b3_jpg.rf.4686a1197723eff0903b3a0bb71da13b.jpg,warning,small_box,2,box area 0.1822% of the image is below the 0.50% threshold; plates this small are hard to learn
D:\DATN\datasets\raw\roboflow_eric_nguyen\train\images\b8a3f2ea385e45b3_jpg.rf.689eeb2f2f4a04a1f39e737cbdafd9bd.jpg,warning,small_box,0,box area 0.0881% of the image is below the 0.50% threshold; plates this small are hard to learn
D:\DATN\datasets\raw\roboflow_eric_nguyen\train\images\b8a3f2ea385e45b3_jpg.rf.689eeb2f2f4a04a1f39e737cbdafd9bd.jpg,warning,small_box,1,box area 0.2042% of the image is below the 0.50% threshold; plates this small are hard to learn
D:\DATN\datasets\raw\roboflow_eric_nguyen\train\images\b8a3f2ea385e45b3_jpg.rf.689eeb2f2f4a04a1f39e737cbdafd9bd.jpg,warning,small_box,2,box area 0.1628% of the image is below the 0.50% threshold; plates this small are hard to learn
D:\DATN\datasets\raw\roboflow_eric_nguyen\train\images\b8a3f2ea385e45b3_jpg.rf.f321b97e46a2c5efc23654e6fd534e68.jpg,warning,small_box,0,box area 0.0795% of the image is below the 0.50% threshold; plates this small are hard to learn
D:\DATN\datasets\raw\roboflow_eric_nguyen\train\images\b8a3f2ea385e45b3_jpg.rf.f321b97e46a2c5efc23654e6fd534e68.jpg,warning,small_box,1,box area 0.2111% of the image is below the 0.50% threshold; plates this small are hard to learn
D:\DATN\datasets\raw\roboflow_eric_nguyen\train\images\b8a3f2ea385e45b3_jpg.rf.f321b97e46a2c5efc23654e6fd534e68.jpg,warning,small_box,2,box area 0.1902% of the image is below the 0.50% threshold; plates this small are hard to learn
D:\DATN\datasets\raw\roboflow_eric_nguyen\train\images\bd12ea92bcab1afd_jpg.rf.8235d750c5f16caf854a0648a7cc1fad.jpg,warning,small_box,0,box area 0.0181% of the image is below the 0.50% threshold; plates this small are hard to learn
D:\DATN\datasets\raw\roboflow_eric_nguyen\train\images\bd12ea92bcab1afd_jpg.rf.8235d750c5f16caf854a0648a7cc1fad.jpg,warning,small_box,1,box area 0.0305% of the image is below the 0.50% threshold; plates this small are hard to learn
D:\DATN\datasets\raw\roboflow_eric_nguyen\train\images\bd12ea92bcab1afd_jpg.rf.bcd8ca494b7bfd932ba86dacf5a6ff4f.jpg,warning,small_box,0,box area 0.0176% of the image is below the 0.50% threshold; plates this small are hard to learn
D:\DATN\datasets\raw\roboflow_eric_nguyen\train\images\bd12ea92bcab1afd_jpg.rf.bcd8ca494b7bfd932ba86dacf5a6ff4f.jpg,warning,small_box,1,box area 0.0317% of the image is below the 0.50% threshold; plates this small are hard to learn
D:\DATN\datasets\raw\roboflow_eric_nguyen\train\images\bd12ea92bcab1afd_jpg.rf.c0acabded6c3913fdf821fb6d2c82c97.jpg,warning,small_box,0,box area 0.0176% of the image is below the 0.50% threshold; plates this small are hard to learn
D:\DATN\datasets\raw\roboflow_eric_nguyen\train\images\bd12ea92bcab1afd_jpg.rf.c0acabded6c3913fdf821fb6d2c82c97.jpg,warning,small_box,1,box area 0.0373% of the image is below the 0.50% threshold; plates this small are hard to learn
D:\DATN\datasets\raw\roboflow_eric_nguyen\train\images\cb4b754537798d23_jpg.rf.61554592669cb2156e40cb44d2b4a394.jpg,warning,small_box,0,box area 0.1504% of the image is below the 0.50% threshold; plates this small are hard to learn
D:\DATN\datasets\raw\roboflow_eric_nguyen\train\images\cb4b754537798d23_jpg.rf.6bc19296cb1c4b35bd74e6b21f2c6f18.jpg,warning,small_box,0,box area 0.1367% of the image is below the 0.50% threshold; plates this small are hard to learn
D:\DATN\datasets\raw\roboflow_eric_nguyen\train\images\cb4b754537798d23_jpg.rf.736babbee0e94b41b58af867472f6ecf.jpg,warning,small_box,0,box area 0.1504% of the image is below the 0.50% threshold; plates this small are hard to learn
D:\DATN\datasets\raw\roboflow_eric_nguyen\train\images\d28d71c2690c16ed_jpg.rf.0745edbb7c82e94de4b47e539c001c1a.jpg,warning,small_box,0,box area 0.1027% of the image is below the 0.50% threshold; plates this small are hard to learn
D:\DATN\datasets\raw\roboflow_eric_nguyen\train\images\d28d71c2690c16ed_jpg.rf.58c3095947f340002d8d2ad9ede0f661.jpg,warning,small_box,0,box area 0.1117% of the image is below the 0.50% threshold; plates this small are hard to learn
D:\DATN\datasets\raw\roboflow_eric_nguyen\train\images\d28d71c2690c16ed_jpg.rf.e4a3f1fe1807fd1cc254a7d94b7bff21.jpg,warning,small_box,0,box area 0.1117% of the image is below the 0.50% threshold; plates this small are hard to learn
D:\DATN\datasets\raw\roboflow_eric_nguyen\train\images\d5058059dc0ce0ad_jpg.rf.04e5185fd7ba0afb3b42b4656edc5b29.jpg,warning,small_box,1,box area 0.0262% of the image is below the 0.50% threshold; plates this small are hard to learn
D:\DATN\datasets\raw\roboflow_eric_nguyen\train\images\d5058059dc0ce0ad_jpg.rf.68ff34b16d38307b0475aac7d8e364e9.jpg,warning,small_box,1,box area 0.0256% of the image is below the 0.50% threshold; plates this small are hard to learn
D:\DATN\datasets\raw\roboflow_eric_nguyen\train\images\d5058059dc0ce0ad_jpg.rf.a5d763a4941996c3b1cdebfa4c99a1ef.jpg,warning,small_box,1,box area 0.0252% of the image is below the 0.50% threshold; plates this small are hard to learn
D:\DATN\datasets\raw\roboflow_eric_nguyen\train\images\d53a3bc813477685_jpg.rf.0c5fdcbe33db109d6506e2a322b42f7e.jpg,warning,small_box,0,box area 0.4996% of the image is below the 0.50% threshold; plates this small are hard to learn
D:\DATN\datasets\raw\roboflow_eric_nguyen\train\images\d53a3bc813477685_jpg.rf.0ecc1373198071e3b50ae9373f988ca7.jpg,warning,small_box,0,box area 0.4646% of the image is below the 0.50% threshold; plates this small are hard to learn
D:\DATN\datasets\raw\roboflow_eric_nguyen\train\images\d53a3bc813477685_jpg.rf.e12cc010f24bbadd6040eeef84499131.jpg,warning,small_box,0,box area 0.3951% of the image is below the 0.50% threshold; plates this small are hard to learn
D:\DATN\datasets\raw\roboflow_eric_nguyen\train\images\de2b5afb7eda96cf_jpg.rf.2530459608b32240d6f96f93b0bf56ff.jpg,warning,small_box,0,box area 0.1272% of the image is below the 0.50% threshold; plates this small are hard to learn
D:\DATN\datasets\raw\roboflow_eric_nguyen\train\images\de2b5afb7eda96cf_jpg.rf.b676c368effffe767d1b297a4ab72367.jpg,warning,small_box,0,box area 0.1064% of the image is below the 0.50% threshold; plates this small are hard to learn
D:\DATN\datasets\raw\roboflow_eric_nguyen\train\images\de2b5afb7eda96cf_jpg.rf.ce16c6da79432466d37c5f3ccb6140bb.jpg,warning,small_box,0,box area 0.1272% of the image is below the 0.50% threshold; plates this small are hard to learn
D:\DATN\datasets\raw\roboflow_eric_nguyen\train\images\f3c9af100984744f_jpg.rf.455d14101d0b95ef2197cdf3f063a100.jpg,warning,small_box,0,box area 0.2195% of the image is below the 0.50% threshold; plates this small are hard to learn
D:\DATN\datasets\raw\roboflow_eric_nguyen\train\images\f3c9af100984744f_jpg.rf.dbc635d31d11a571fd0862839f6335e7.jpg,warning,small_box,0,box area 0.1912% of the image is below the 0.50% threshold; plates this small are hard to learn
D:\DATN\datasets\raw\roboflow_eric_nguyen\train\images\f3c9af100984744f_jpg.rf.ff36eb9f271a449f50d8193b55d39e6a.jpg,warning,small_box,0,box area 0.2177% of the image is below the 0.50% threshold; plates this small are hard to learn
D:\DATN\datasets\raw\roboflow_eric_nguyen\train\images\f3d472955c13cae0_jpg.rf.21210896bd7bd612a1b8c05953fa9aab.jpg,warning,small_box,1,box area 0.0203% of the image is below the 0.50% threshold; plates this small are hard to learn
D:\DATN\datasets\raw\roboflow_eric_nguyen\train\images\f3d472955c13cae0_jpg.rf.66fa0406e3231a62f282b40f7e72201f.jpg,warning,small_box,1,box area 0.0203% of the image is below the 0.50% threshold; plates this small are hard to learn
D:\DATN\datasets\raw\roboflow_eric_nguyen\train\images\f3d472955c13cae0_jpg.rf.da296fa5ea1b164a4e199531a1511f6a.jpg,warning,small_box,1,box area 0.0198% of the image is below the 0.50% threshold; plates this small are hard to learn
D:\DATN\datasets\raw\roboflow_eric_nguyen\train\images\f53243c2bb551b8a_jpg.rf.0ad2fff285eb85e302f9a911a7aa28fe.jpg,warning,small_box,0,box area 0.4626% of the image is below the 0.50% threshold; plates this small are hard to learn
D:\DATN\datasets\raw\roboflow_eric_nguyen\train\images\f53243c2bb551b8a_jpg.rf.487ac681e2300d59aaab61effc809e09.jpg,warning,small_box,0,box area 0.3870% of the image is below the 0.50% threshold; plates this small are hard to learn
D:\DATN\datasets\raw\roboflow_eric_nguyen\train\images\f53243c2bb551b8a_jpg.rf.f08c468990f1e3ab197cd626bff7ff36.jpg,warning,small_box,0,box area 0.3628% of the image is below the 0.50% threshold; plates this small are hard to learn
D:\DATN\datasets\raw\roboflow_eric_nguyen\train\images\f5d1729aa333b284_jpg.rf.81014c311e3ddcb8095b2545cd17449f.jpg,warning,small_box,0,box area 0.2974% of the image is below the 0.50% threshold; plates this small are hard to learn
D:\DATN\datasets\raw\roboflow_eric_nguyen\train\images\f5d1729aa333b284_jpg.rf.d0e808679a78a9a006265653addcb3f5.jpg,warning,small_box,0,box area 0.2648% of the image is below the 0.50% threshold; plates this small are hard to learn
D:\DATN\datasets\raw\roboflow_eric_nguyen\train\images\f5d1729aa333b284_jpg.rf.e55370a3719b42c09b86f1a2402c5e38.jpg,warning,small_box,0,box area 0.3175% of the image is below the 0.50% threshold; plates this small are hard to learn
D:\DATN\datasets\raw\roboflow_eric_nguyen\train\images\fb4e60b5cee8b88e_jpg.rf.02144f9e90900780af3bca76395b9a57.jpg,warning,small_box,1,box area 0.3255% of the image is below the 0.50% threshold; plates this small are hard to learn
D:\DATN\datasets\raw\roboflow_eric_nguyen\train\images\fb4e60b5cee8b88e_jpg.rf.73cba2093750b0ba38a526a1b61be670.jpg,warning,small_box,1,box area 0.3895% of the image is below the 0.50% threshold; plates this small are hard to learn
D:\DATN\datasets\raw\roboflow_eric_nguyen\train\images\fb4e60b5cee8b88e_jpg.rf.df02a6c6ba18b332fb1924a9ad79bc55.jpg,warning,small_box,1,box area 0.3956% of the image is below the 0.50% threshold; plates this small are hard to learn
D:\DATN\datasets\raw\roboflow_eric_nguyen\valid\images\06b024413ad385a7_jpg.rf.e6872d5d8fc0b1b73d2d0350ca6a544e.jpg,warning,small_box,0,box area 0.3948% of the image is below the 0.50% threshold; plates this small are hard to learn
D:\DATN\datasets\raw\roboflow_eric_nguyen\valid\images\0c756c9366a8cb10_jpg.rf.cbe182949f166e3d13b8579882bf8385.jpg,warning,small_box,0,box area 0.0406% of the image is below the 0.50% threshold; plates this small are hard to learn
D:\DATN\datasets\raw\roboflow_eric_nguyen\valid\images\0d6ca8553971fefd_jpg.rf.ad5a83ca573bb2d9682b3e383d65914f.jpg,warning,small_box,1,box area 0.0110% of the image is below the 0.50% threshold; plates this small are hard to learn
D:\DATN\datasets\raw\roboflow_eric_nguyen\valid\images\1f34454c4c073e1b_jpg.rf.c5dcf32b4fd4977b8ce2219de83b4392.jpg,warning,small_box,0,box area 0.2051% of the image is below the 0.50% threshold; plates this small are hard to learn
D:\DATN\datasets\raw\roboflow_eric_nguyen\valid\images\30b6cfb60bf44533_jpg.rf.4719d293cfc9702da6e6f1f9e70afd7e.jpg,warning,small_box,0,box area 0.0293% of the image is below the 0.50% threshold; plates this small are hard to learn
D:\DATN\datasets\raw\roboflow_eric_nguyen\valid\images\321ffb38656f7311_jpg.rf.6bda9d03cf7055ba6af3db776b095e6c.jpg,warning,small_box,0,box area 0.0555% of the image is below the 0.50% threshold; plates this small are hard to learn
D:\DATN\datasets\raw\roboflow_eric_nguyen\valid\images\321ffb38656f7311_jpg.rf.6bda9d03cf7055ba6af3db776b095e6c.jpg,warning,small_box,1,box area 0.0211% of the image is below the 0.50% threshold; plates this small are hard to learn
D:\DATN\datasets\raw\roboflow_eric_nguyen\valid\images\36d7b8b3cca3b0f5_jpg.rf.bd53cd639d0f62e912ee1c0cce795516.jpg,warning,small_box,0,box area 0.1496% of the image is below the 0.50% threshold; plates this small are hard to learn
D:\DATN\datasets\raw\roboflow_eric_nguyen\valid\images\36d7b8b3cca3b0f5_jpg.rf.bd53cd639d0f62e912ee1c0cce795516.jpg,warning,small_box,1,box area 0.0145% of the image is below the 0.50% threshold; plates this small are hard to learn
D:\DATN\datasets\raw\roboflow_eric_nguyen\valid\images\36d7b8b3cca3b0f5_jpg.rf.bd53cd639d0f62e912ee1c0cce795516.jpg,warning,small_box,2,box area 0.0077% of the image is below the 0.50% threshold; plates this small are hard to learn
D:\DATN\datasets\raw\roboflow_eric_nguyen\valid\images\36d7b8b3cca3b0f5_jpg.rf.bd53cd639d0f62e912ee1c0cce795516.jpg,warning,small_box,3,box area 0.0625% of the image is below the 0.50% threshold; plates this small are hard to learn
D:\DATN\datasets\raw\roboflow_eric_nguyen\valid\images\3d98e3713783e82d_jpg.rf.fea9c5375ff17bebdc2499fadffc165f.jpg,warning,small_box,0,box area 0.0320% of the image is below the 0.50% threshold; plates this small are hard to learn
D:\DATN\datasets\raw\roboflow_eric_nguyen\valid\images\6e819dc674a74078_jpg.rf.45d145971bb42466d3ce33c600b8c364.jpg,warning,small_box,1,box area 0.0718% of the image is below the 0.50% threshold; plates this small are hard to learn
D:\DATN\datasets\raw\roboflow_eric_nguyen\valid\images\8cb5553e75d3d311_jpg.rf.020125ee0ff81795ef90d0fed8249215.jpg,warning,small_box,1,box area 0.2549% of the image is below the 0.50% threshold; plates this small are hard to learn
D:\DATN\datasets\raw\roboflow_eric_nguyen\valid\images\8cca720c410ee7f8_jpg.rf.57dd88c4826ef9a9a1dd62fde4b7b09b.jpg,warning,small_box,1,box area 0.0293% of the image is below the 0.50% threshold; plates this small are hard to learn
D:\DATN\datasets\raw\roboflow_eric_nguyen\valid\images\8cdcb833ef1ef049_jpg.rf.72e6b9b065a1861295bfa61b288a53ab.jpg,warning,small_box,1,box area 0.1044% of the image is below the 0.50% threshold; plates this small are hard to learn
D:\DATN\datasets\raw\roboflow_eric_nguyen\valid\images\9034927e7438bdd6_jpg.rf.e78ef3c907798c6e7e8607c673caf368.jpg,warning,small_box,1,box area 0.1011% of the image is below the 0.50% threshold; plates this small are hard to learn
D:\DATN\datasets\raw\roboflow_eric_nguyen\valid\images\9498d0aff8f9ff8c_jpg.rf.acb748910f7e9ab80db25ae9b7ba12da.jpg,warning,small_box,0,box area 0.2158% of the image is below the 0.50% threshold; plates this small are hard to learn
D:\DATN\datasets\raw\roboflow_eric_nguyen\valid\images\a54e7bb80448f3b0_jpg.rf.80b268ea3395b05450df18cd886a88e5.jpg,warning,small_box,0,box area 0.3174% of the image is below the 0.50% threshold; plates this small are hard to learn
D:\DATN\datasets\raw\roboflow_eric_nguyen\valid\images\b1a50a3824887ee2_jpg.rf.c24064c777f95c82eff3e070a40ce3ec.jpg,warning,small_box,1,box area 0.0082% of the image is below the 0.50% threshold; plates this small are hard to learn
D:\DATN\datasets\raw\roboflow_eric_nguyen\valid\images\b25d7d2cb7abf86b_jpg.rf.d478037e3d4eb5429224c706f62cb537.jpg,warning,small_box,1,box area 0.1047% of the image is below the 0.50% threshold; plates this small are hard to learn
D:\DATN\datasets\raw\roboflow_eric_nguyen\valid\images\be654a7eabe0e891_jpg.rf.80a4bb8ff2083dd5a8a22596ac0448ec.jpg,warning,small_box,0,box area 0.0029% of the image is below the 0.50% threshold; plates this small are hard to learn
D:\DATN\datasets\raw\roboflow_eric_nguyen\valid\images\d648b2ae1abc09f3_jpg.rf.33cdeef53342ea606935b0290c8f597d.jpg,warning,small_box,1,box area 0.1432% of the image is below the 0.50% threshold; plates this small are hard to learn
D:\DATN\datasets\raw\roboflow_eric_nguyen\valid\images\da8186b39f042cdf_jpg.rf.317ed7ff68925572b1d43144e1eb44ab.jpg,warning,small_box,0,box area 0.4336% of the image is below the 0.50% threshold; plates this small are hard to learn
D:\DATN\datasets\raw\roboflow_eric_nguyen\valid\images\e57d38ae6a921518_jpg.rf.0e0b2e9deb2db70ad4074160dbd6054e.jpg,warning,small_box,1,box area 0.0220% of the image is below the 0.50% threshold; plates this small are hard to learn
D:\DATN\datasets\raw\roboflow_eric_nguyen\valid\images\ec8a36f7874c0c34_jpg.rf.381b8c9753f40d817b211bbe49814f5d.jpg,warning,small_box,0,box area 0.3987% of the image is below the 0.50% threshold; plates this small are hard to learn
