key,plate_text
hf_vn_plates_segment_000068#130_109_104_38,51A89714
hf_vn_plates_segment_000184#103_147_106_34,60A20880
hf_vn_plates_segment_000187#111_134_108_39,51A89714
hf_vn_plates_segment_000208#96_130_108_34,51F57493
hf_vn_plates_segment_000222#100_74_97_31,51G47340
hf_vn_plates_segment_000231#202_226_75_21,60A21418
hf_vn_plates_segment_000283#167_214_73_24,51F61712
hf_vn_plates_segment_000383#126_132_108_34,51A85325
hf_vn_plates_segment_000384#96_131_106_33,51A85325
hf_vn_plates_segment_000388#100_210_92_28,51F24403
hf_vn_plates_segment_000408#226_213_101_33,51F07973
hf_vn_plates_segment_000540#146_127_109_38,51F21255
hf_vn_plates_segment_000553#99_117_110_38,29A51796
hf_vn_plates_segment_000554#72_123_112_41,29A51796
hf_vn_plates_segment_000561#126_202_92_31,51F59881
hf_vn_plates_segment_000597#91_188_95_30,51G20536
hf_vn_plates_segment_000623#104_26_91_30,51F73029
hf_vn_plates_segment_000633#133_193_99_32,51F57493
hf_vn_plates_segment_000645#156_107_76_21,51F73029
hf_vn_plates_segment_000678#139_122_105_34,51A85325
hf_vn_plates_segment_000742#206_384_79_51,72G180117
hf_vn_plates_segment_000767#283_258_112_84,78H155105
hf_vn_plates_segment_000768#31_225_54_41,62P239786
hf_vn_plates_segment_000768#464_236_66_53,77C172309
hf_vn_plates_segment_000792#48_249_39_26,51D71635
hf_vn_plates_segment_000792#542_252_18_11,KHONG_DOC_DUOC
hf_vn_plates_segment_000802#38_241_51_19,51H16559
hf_vn_plates_segment_000834#130_167_90_35,51H69432
hf_vn_plates_segment_000848#37_294_55_41,60H149780
hf_vn_plates_segment_000850#0_238_23_53,KHONG_DOC_DUOC
hf_vn_plates_segment_000850#43_282_58_40,67H185418
hf_vn_plates_segment_000853#79_149_72_40,51H69860
hf_vn_plates_segment_000884#0_163_14_15,KHONG_DOC_DUOC
hf_vn_plates_segment_000907#191_289_87_47,51K41413
hf_vn_plates_segment_000941#157_378_125_104,59X165996
hf_vn_plates_segment_000968#371_178_124_34,51K17950
hf_vn_plates_segment_000984#412_122_68_61,51A74362
hf_vn_plates_segment_001020#268_486_124_91,59F224643
hf_vn_plates_segment_001024#82_392_83_68,66H101353
hf_vn_plates_segment_001028#183_307_132_74,59X460017
hf_vn_plates_segment_001035#358_162_79_60,51A93560
hf_vn_plates_segment_001055#120_373_154_118,85B128415
hf_vn_plates_segment_001060#124_364_141_95,66M119850
hf_vn_plates_segment_001068#15_54_146_100,65L115701
hf_vn_plates_segment_001068#476_70_123_100,67H148066
hf_vn_plates_segment_001078#168_148_167_125,60C232596
hf_vn_plates_segment_001088#87_193_127_99,60C239219
hf_vn_plates_segment_001090#9_157_96_72,60C279027
hf_vn_plates_segment_001110#162_103_77_67,59F113860
hf_vn_plates_segment_001172#119_0_80_65,52P50334
hf_vn_plates_segment_001201#163_141_82_71,59F138151
hf_vn_plates_segment_001202#213_154_93_85,60B801075
hf_vn_plates_segment_001242#152_158_69_61,75K30899
hf_vn_plates_segment_001284#87_137_85_74,59E164141
hf_vn_plates_segment_001288#171_49_73_66,59L202084
hf_vn_plates_segment_001312#96_153_65_57,59U179751
hf_vn_plates_segment_001348#170_140_62_53,59S220617
hf_vn_plates_segment_001385#228_139_77_70,59L159150
hf_vn_plates_segment_001386#128_74_82_75,51Y67665
hf_vn_plates_segment_001433#155_186_76_62,59C148275
hf_vn_plates_segment_001494#75_130_82_70,51P54578
hf_vn_plates_segment_001524#151_161_73_64,59E119283
hf_vn_plates_segment_001599#108_137_83_76,49E115383
hf_vn_plates_segment_001765#63_170_78_71,59C244333
hf_vn_plates_segment_001803#159_189_67_61,66N113034
hf_vn_plates_segment_001828#151_164_78_65,71B207999
hf_vn_plates_segment_001835#249_73_85_78,54F23213
hf_vn_plates_segment_001893#184_53_79_72,59L223164
hf_vn_plates_segment_001997#203_93_77_65,51S91699
hf_vn_plates_segment_002058#166_109_79_69,59N107195
hf_vn_plates_segment_002067#179_57_81_73,69C120591
hf_vn_plates_segment_002084#125_7_79_70,63B346905
hf_vn_plates_segment_002089#178_51_83_74,59K120173
hf_vn_plates_segment_002101#91_133_86_77,54F16743
hf_vn_plates_segment_002104#156_132_85_74,59M143700
hf_vn_plates_segment_002109#198_126_86_77,59A303615
hf_vn_plates_segment_002114#148_126_80_73,68N108117
hf_vn_plates_segment_002169#249_118_87_79,92L87156
hf_vn_plates_segment_002186#228_143_88_79,59S144895
hf_vn_plates_segment_002273#181_105_88_79,59M187668
hf_vn_plates_segment_002290#148_215_90_70,59B133872
hf_vn_plates_segment_002333#109_185_73_64,59B101554
hf_vn_plates_segment_002335#200_166_76_66,59V221604
hf_vn_plates_segment_002352#164_75_83_76,52M90589
hf_vn_plates_segment_002365#162_69_78_69,50N118689
hf_vn_plates_segment_002398#158_205_80_68,59N231428
hf_vn_plates_segment_002424#125_141_76_66,59F138151
hf_vn_plates_segment_002438#206_366_90_61,61D129409
hf_vn_plates_segment_002459#101_339_47_27,51C92087
hf_vn_plates_segment_002459#268_318_56_44,51H60969
hf_vn_plates_segment_002473#12_381_73_51,59X172873
hf_vn_plates_segment_002489#209_307_142_46,52P8465
hf_vn_plates_segment_002497#166_241_50_29,51D15577
hf_vn_plates_segment_002522#93_238_67_55,77C06720
hf_vn_plates_segment_002527#356_233_32_21,KHONG_DOC_DUOC
hf_vn_plates_segment_002527#95_353_80_51,59Z212456
hf_vn_plates_segment_002531#114_368_80_50,67K185431
hf_vn_plates_segment_002563#317_329_131_97,64H28677
hf_vn_plates_segment_002586#339_243_81_25,51G90260
hf_vn_plates_segment_002586#37_223_51_31,50E01260
hf_vn_plates_segment_002603#43_436_135_96,50X117142
hf_vn_plates_segment_002605#146_187_100_74,51F87343
hf_vn_plates_segment_002623#161_423_66_49,59V301472
hf_vn_plates_segment_002623#360_329_38_28,59X408681
hf_vn_plates_segment_002623#96_385_55_38,77C112843
hf_vn_plates_segment_002645#144_53_79_43,51B26619
hf_vn_plates_segment_002645#250_287_71_52,50X111006
hf_vn_plates_segment_002652#186_182_137_34,47A43647
hf_vn_plates_segment_002663#29_503_98_68,59X158588
hf_vn_plates_segment_002663#395_120_44_31,51H61507
hf_vn_plates_segment_002664#244_351_80_45,71C258792
hf_vn_plates_segment_002664#48_177_71_23,51G42388
hf_vn_plates_segment_002685#108_406_68_46,50Y117250
hf_vn_plates_segment_002685#18_222_50_36,51G84904
hf_vn_plates_segment_002685#263_229_51_17,51H23293
hf_vn_plates_segment_002685#406_165_23_16,KHONG_DOC_DUOC
hf_vn_plates_segment_002694#151_278_95_53,51H09488
hf_vn_plates_segment_002716#132_375_83_52,72L90279
hf_vn_plates_segment_002725#38_427_39_29,84D113157
hf_vn_plates_segment_002725#47_48_52_57,KHONG_DOC_DUOC
hf_vn_plates_segment_002728#45_359_54_34,60H151044
hf_vn_plates_segment_002761#89_58_226_51,30G40304
hf_vn_plates_segment_002768#162_51_87_27,29A46294
hf_vn_plates_segment_002775#130_102_121_36,30F71554
hf_vn_plates_segment_002777#100_93_193_60,30F86034
hf_vn_plates_segment_002784#63_92_223_57,29A77998
hf_vn_plates_segment_002796#92_61_155_45,30A04180
hf_vn_plates_segment_002800#60_94_197_62,29D05685
hf_vn_plates_segment_002803#90_76_175_53,90A07718
hf_vn_plates_segment_002832#157_110_144_53,30A26144
hf_vn_plates_segment_002890#66_96_284_89,30F68947
hf_vn_plates_segment_002894#74_162_177_43,30F85806
hf_vn_plates_segment_002896#108_52_154_150,30Z8657
hf_vn_plates_segment_002917#141_147_115_131,30F03523
hf_vn_plates_segment_002919#141_128_135_102,30F49056
hf_vn_plates_segment_002931#126_108_178_48,29A01771
hf_vn_plates_segment_002958#6_209_254_74,99A10432
hf_vn_plates_segment_002970#88_166_217_59,19N1866
hf_vn_plates_segment_002972#82_113_203_53,30G19185
hf_vn_plates_segment_002987#122_87_163_128,98A32802
hf_vn_plates_segment_003007#135_176_156_48,30E49536
hf_vn_plates_segment_003015#123_118_174_41,30A69919
hf_vn_plates_segment_003021#39_130_300_63,30A71103
hf_vn_plates_segment_003036#72_151_275_98,30A88459
hf_vn_plates_segment_003038#134_222_140_38,30F77294
hf_vn_plates_segment_003057#147_154_144_116,36A04104
hf_vn_plates_segment_003077#154_199_119_60,29D09566
hf_vn_plates_segment_003089#129_113_136_127,89A11039
hf_vn_plates_segment_003118#82_127_175_63,30E19752
hf_vn_plates_segment_003129#95_145_206_59,29C22776
hf_vn_plates_segment_003150#138_167_132_45,30E89023
hf_vn_plates_segment_003161#68_67_201_178,30E34422
hf_vn_plates_segment_003188#77_217_246_82,30M4253
hf_vn_plates_segment_003214#56_77_237_81,30A62043
hf_vn_plates_segment_003217#69_145_215_81,30E64379
hf_vn_plates_segment_003225#43_123_316_112,30F70179
hf_vn_plates_segment_003233#127_148_132_40,30E76226
hf_vn_plates_segment_003234#150_148_135_61,30A76791
hf_vn_plates_segment_003248#80_167_247_98,30E90955
hf_vn_plates_segment_003332#144_162_132_86,29H38452
hf_vn_plates_segment_003333#143_163_78_75,29H38452
hf_vn_plates_segment_003348#146_139_188_64,30E47662
hf_vn_plates_segment_003409#116_174_188_43,30A80744
hf_vn_plates_segment_003445#96_240_104_34,51F73420
hf_vn_plates_segment_003551#157_126_106_34,51A60216
hf_vn_plates_segment_003558#140_122_105_36,51F02687
hf_vn_plates_segment_003625#94_122_112_42,29A51796
hf_vn_plates_segment_003656#181_203_93_31,51G39466
hf_vn_plates_segment_003661#131_212_100_29,51G31691
hf_vn_plates_segment_003665#169_114_80_26,51F73029
hf_vn_plates_segment_003681#150_237_101_31,51A96141
hf_vn_plates_segment_003690#113_287_107_63,50E11297
hf_vn_plates_segment_003695#269_208_141_45,79A18768
hf_vn_plates_segment_003697#109_156_91_68,54X10369
hf_vn_plates_segment_003697#448_288_102_77,59X195330
hf_vn_plates_segment_003720#74_236_51_19,51G84904
hf_vn_plates_segment_003733#140_380_85_61,52X35035
hf_vn_plates_segment_003738#207_341_67_40,69F135698
hf_vn_plates_segment_003762#459_287_67_43,76B117204
hf_vn_plates_segment_003762#46_190_73_24,62A19484
hf_vn_plates_segment_003764#38_383_83_59,59X411142
hf_vn_plates_segment_003766#509_186_40_21,51H92296
hf_vn_plates_segment_003791#154_399_103_77,59X460017
hf_vn_plates_segment_003803#58_439_160_132,59P241572
hf_vn_plates_segment_003812#56_158_136_95,59D175530
hf_vn_plates_segment_003900#118_43_80_71,55P44641
hf_vn_plates_segment_003935#150_129_80_68,59T164417
hf_vn_plates_segment_003959#151_141_79_68,60B236161
hf_vn_plates_segment_003981#106_193_80_72,59E170535
hf_vn_plates_segment_004013#201_177_74_67,59C242504
hf_vn_plates_segment_004027#160_88_72_62,59P133163
hf_vn_plates_segment_004065#209_145_73_64,59P232334
hf_vn_plates_segment_004130#183_125_80_71,54K34770
hf_vn_plates_segment_004141#105_139_83_73,61X23244
hf_vn_plates_segment_004172#164_61_80_71,93F126479
hf_vn_plates_segment_004174#143_206_81_71,49K138886
hf_vn_plates_segment_004189#187_122_87_75,59F182787
hf_vn_plates_segment_004236#256_354_67_40,59X164689
hf_vn_plates_segment_004241#138_458_67_39,51D04162
hf_vn_plates_segment_004280#157_279_113_134,81K45959
hf_vn_plates_segment_004281#1_304_76_85,53X74327
hf_vn_plates_segment_004333#10_383_86_65,77C103188
hf_vn_plates_segment_004359#53_113_193_57,29D05685
hf_vn_plates_segment_004369#67_126_147_48,30F20449
hf_vn_plates_segment_004381#124_40_124_83,29A42945
hf_vn_plates_segment_004410#42_219_301_67,30A02965
hf_vn_plates_segment_004419#157_129_62_64,89C19599
hf_vn_plates_segment_004433#39_123_406_93,31F5724
hf_vn_plates_segment_004452#73_113_225_83,30E06618
hf_vn_plates_segment_004487#123_81_149_44,30G41159
hf_vn_plates_segment_004520#86_116_101_40,89A08877
hf_vn_plates_segment_004562#132_68_120_97,30E77408
hf_vn_plates_segment_004571#154_216_103_83,30E91177
hf_vn_plates_segment_004573#85_135_209_52,30F99015
roboflow_cuong_ta_005780#522_339_116_46,41291NG01
roboflow_cuong_ta_007307#933_488_27_39,KHONG_DOC_DUOC
roboflow_demo_tracking_000046#250_426_145_33,30E11395
roboflow_demo_tracking_000050#117_454_118_41,43A81129
roboflow_demo_tracking_000068#16_206_617_164,29A60225
roboflow_demo_tracking_000070#249_168_138_79,30A68251
roboflow_demo_tracking_000098#287_352_110_21,43A11260
roboflow_demo_tracking_000112#284_320_75_26,43A21942
roboflow_demo_tracking_000126#299_424_160_51,43A48564
roboflow_demo_tracking_000129#213_417_69_67,60A37756
roboflow_demo_tracking_000131#373_472_96_67,75A09736
roboflow_demo_tracking_000138#403_355_63_40,43A00247
roboflow_demo_tracking_000141#256_444_110_77,61K09981
roboflow_demo_tracking_000215#321_329_95_50,43A22159
roboflow_demo_tracking_000227#421_444_129_59,79A32517
roboflow_eric_nguyen_000027#162_138_103_45,KHONG_DOC_DUOC
roboflow_eric_nguyen_000215#252_333_112_36,KHONG_DOC_DUOC
roboflow_eric_nguyen_000254#263_338_71_62,KHONG_DOC_DUOC
roboflow_eric_nguyen_000278#83_213_23_15,KHONG_DOC_DUOC
roboflow_eric_nguyen_000305#186_282_133_112,KHONG_DOC_DUOC
roboflow_eric_nguyen_000371#1_215_45_38,KHONG_DOC_DUOC
roboflow_eric_nguyen_000611#140_314_73_56,KHONG_DOC_DUOC
roboflow_eric_nguyen_000822#501_108_20_14,KHONG_DOC_DUOC
roboflow_eric_nguyen_000837#362_337_84_66,KHONG_DOC_DUOC
roboflow_eric_nguyen_000839#329_384_116_73,KHONG_DOC_DUOC
roboflow_school_fuhih_000100#208_187_143_69,51F15585
roboflow_school_fuhih_000128#294_360_77_31,51F32488
roboflow_school_fuhih_000212#155_532_144_67,51G51936
roboflow_school_fuhih_000231#257_268_180_220,72S14860
roboflow_school_fuhih_000350#373_367_143_151,51G29034
roboflow_school_fuhih_000354#317_485_110_102,51G22237
roboflow_school_fuhih_000658#332_197_67_78,54V58964
roboflow_school_fuhih_000662#323_333_80_86,51L82105
roboflow_school_fuhih_000684#294_333_59_63,59P189267
roboflow_school_fuhih_001416#217_345_125_63,51A69172
roboflow_school_fuhih_001419#251_145_138_69,51F15585
roboflow_school_fuhih_001540#166_493_142_70,51G51936
roboflow_school_fuhih_001711#154_533_146_65,51G51936
roboflow_school_fuhih_002219#382_240_68_32,52Y6490
roboflow_school_fuhih_002341#167_494_140_69,51G51936
roboflow_school_fuhih_002530#423_183_121_74,51A64826
roboflow_school_fuhih_002575#419_431_136_63,51F61712
roboflow_school_fuhih_002585#421_507_143_73,51F16159
roboflow_school_fuhih_002684#196_75_191_80,51A05227
roboflow_school_fuhih_002712#128_117_189_73,50Z1630
roboflow_school_fuhih_002726#444_405_127_48,51G10096
roboflow_school_fuhih_002734#431_462_150_71,51F31118
roboflow_school_fuhih_002798#244_94_132_68,51A02923
roboflow_school_fuhih_002825#432_382_109_55,51G51008
roboflow_school_fuhih_002826#253_435_208_92,51F22029
roboflow_school_fuhih_002894#328_394_155_97,52Z9755
roboflow_school_fuhih_002924#289_371_201_105,51F24476
roboflow_school_fuhih_002929#291_280_129_68,51F31118
roboflow_school_fuhih_002934#243_571_180_69,51A85325
roboflow_school_fuhih_002994#248_138_143_70,51F15585
roboflow_school_fuhih_003031#42_547_164_64,51A96141
roboflow_school_fuhih_003143#421_513_142_69,51F16159
roboflow_school_fuhih_003171#156_555_130_55,51F24403
roboflow_school_fuhih_003189#175_63_187_87,51F24403
roboflow_school_fuhih_003210#142_168_196_72,51F69259
roboflow_school_fuhih_003240#127_444_177_81,51F07973
roboflow_school_fuhih_003244#367_291_149_89,51F63034
roboflow_school_fuhih_003245#147_411_161_81,51A69172
roboflow_school_fuhih_003294#160_336_169_134,51A96141
roboflow_school_fuhih_003375#169_287_162_162,51G47281
roboflow_school_fuhih_003429#312_475_144_140,51G49539
roboflow_school_fuhih_003450#206_119_142_110,51A05227
roboflow_school_fuhih_003451#329_443_124_78,51G25181
roboflow_school_fuhih_003508#168_160_148_126,51G47340
roboflow_school_fuhih_003516#158_213_148_107,60A21418
roboflow_school_fuhih_003524#327_261_126_96,51A01204
roboflow_school_fuhih_003654#312_393_147_101,51G10209
roboflow_school_fuhih_003692#327_230_149_143,51A72444
roboflow_school_fuhih_003712#290_484_169_142,51F06532
roboflow_school_fuhih_003720#176_438_153_116,93LD00103
roboflow_school_fuhih_003735#259_210_157_184,51F07973
roboflow_school_fuhih_003741#273_248_159_149,51A60216
roboflow_school_fuhih_003748#99_375_133_85,51A69172
roboflow_school_fuhih_003809#291_431_138_80,51G10209
roboflow_school_fuhih_004144#402_230_69_28,51A72444
roboflow_school_fuhih_004178#274_319_68_37,51F22029
roboflow_school_fuhih_004269#335_289_58_29,51G10209
roboflow_school_fuhih_004396#218_409_80_31,51F21255
roboflow_school_fuhih_004438#337_442_68_29,51F07973
roboflow_school_fuhih_004641#409_406_17_16,KHONG_DOC_DUOC
roboflow_school_fuhih_004641#477_540_26_27,KHONG_DOC_DUOC
roboflow_school_fuhih_004641#590_536_20_22,KHONG_DOC_DUOC
roboflow_school_fuhih_004741#326_453_25_31,KHONG_DOC_DUOC
roboflow_school_fuhih_004786#274_72_113_151,52U48980
roboflow_school_fuhih_004907#266_347_145_198,59E118310
roboflow_school_fuhih_005344#246_103_85_97,52P50334
roboflow_school_fuhih_005349#243_421_92_112,59H154986
roboflow_school_fuhih_005355#224_316_104_105,59M153561
roboflow_school_fuhih_005441#280_327_63_81,54T30255
roboflow_school_fuhih_005465#258_277_72_74,59T192270
roboflow_school_fuhih_005472#316_242_66_69,59C224729
roboflow_school_fuhih_005473#254_262_87_107,59F116711
roboflow_school_fuhih_005477#272_357_74_81,59C139760
roboflow_school_fuhih_005479#294_261_66_86,59C244011
roboflow_school_fuhih_005508#307_268_72_71,59V187754
roboflow_school_fuhih_005532#240_226_77_85,54P11782
roboflow_school_fuhih_005550#320_240_62_81,54S14959
roboflow_school_fuhih_005552#318_270_68_84,62M136169
roboflow_school_fuhih_005560#295_190_70_80,59T151002
roboflow_school_fuhih_005564#209_300_75_76,70SA0367
roboflow_school_fuhih_005567#307_266_71_79,60C123774
roboflow_school_fuhih_005576#291_274_70_68,59T160830
roboflow_school_fuhih_005584#322_318_63_68,59T101439
roboflow_school_fuhih_005600#234_272_71_81,51H48354
roboflow_school_fuhih_005663#289_330_55_81,71H19557
roboflow_school_fuhih_005683#323_154_61_63,59E165903
roboflow_school_fuhih_005685#238_279_72_61,52S37078
roboflow_school_fuhih_005703#283_100_50_60,81B126810
roboflow_school_fuhih_005734#176_288_68_82,56P25963
roboflow_school_fuhih_005739#365_342_66_70,59S153418
roboflow_school_fuhih_005746#267_255_52_53,67E105420
roboflow_school_fuhih_005749#206_429_71_86,59S174203
roboflow_school_fuhih_005773#283_246_77_79,59D143820
roboflow_school_fuhih_005786#176_321_54_63,59N161776
roboflow_school_fuhih_005797#364_183_67_61,59D101978
roboflow_school_fuhih_005837#319_198_73_118,63B216353
roboflow_school_fuhih_006308#221_416_114_142,77H119025
roboflow_school_fuhih_006336#326_369_116_154,59C242504
roboflow_school_fuhih_006503#204_252_152_154,65V13038
roboflow_school_fuhih_006508#238_308_142_137,63X77818
roboflow_school_fuhih_006514#271_305_153_153,67S18524
roboflow_school_fuhih_006528#250_272_171_161,66K96118
roboflow_school_fuhih_006535#181_272_201_186,66L43551
roboflow_school_fuhih_006554#203_224_140_145,84V10819
roboflow_school_fuhih_006588#152_130_298_276,69F104117
roboflow_school_fuhih_006591#180_222_244_236,95H15032
roboflow_school_fuhih_006592#143_273_241_223,94FC2228
roboflow_school_fuhih_006616#196_327_146_136,83H22122
roboflow_school_fuhih_006653#172_344_177_173,65C106934
roboflow_school_fuhih_006664#186_262_208_194,83P120882
roboflow_school_fuhih_006685#294_321_33_19,KHONG_DOC_DUOC
roboflow_school_fuhih_006685#471_305_19_15,KHONG_DOC_DUOC
roboflow_school_fuhih_006717#507_471_26_16,KHONG_DOC_DUOC
roboflow_school_fuhih_007163#322_321_139_75,51F59881
roboflow_school_fuhih_007186#247_237_192_95,51F31118
roboflow_school_fuhih_007317#263_131_148_90,51F15585
roboflow_school_fuhih_007377#259_577_162_63,51F21255
roboflow_school_fuhih_007494#279_501_119_119,51F88270
roboflow_school_fuhih_007569#180_154_149_142,51A72110
roboflow_school_fuhih_007581#279_278_156_117,51A69172
roboflow_school_fuhih_007586#205_212_149_92,51F15585
roboflow_school_fuhih_007614#321_318_135_135,51F04877
roboflow_school_fuhih_007683#281_299_66_33,51A01204
roboflow_school_fuhih_007745#314_424_71_36,51F59011
roboflow_school_fuhih_007815#275_438_25_29,KHONG_DOC_DUOC
roboflow_school_fuhih_007981#229_203_77_94,59S235205
roboflow_school_fuhih_008012#293_271_65_67,59F147488
roboflow_school_fuhih_008048#301_234_61_69,38Z10084
roboflow_school_fuhih_008053#293_268_73_66,51Y67665
roboflow_school_fuhih_008062#238_277_73_85,59B134917
roboflow_school_fuhih_008066#333_307_56_71,59L231395
roboflow_school_fuhih_008091#257_239_83_98,59T108264
roboflow_school_fuhih_008093#242_293_51_63,59L144716
roboflow_school_fuhih_008100#239_296_72_62,59M160077
roboflow_school_fuhih_008115#204_258_66_71,59F109031
roboflow_school_fuhih_008129#182_284_68_79,59C163631
roboflow_school_fuhih_008135#327_285_51_56,53Z11759
roboflow_school_fuhih_008325#215_304_150_141,67V15283
roboflow_school_fuhih_008328#255_284_161_152,65P96067
roboflow_school_fuhih_008331#229_249_141_141,94E102209
roboflow_traffic_camera_000046#148_174_87_28,29A46294
roboflow_traffic_camera_000058#0_194_368_127,29A60225
roboflow_traffic_camera_000065#131_120_88_76,30A68251
roboflow_traffic_camera_000075#67_104_205_60,30F86034
roboflow_traffic_camera_000096#91_234_154_60,30A04180
roboflow_traffic_camera_000097#82_231_153_59,30A04180
roboflow_traffic_camera_000115#27_171_196_57,29D05685
roboflow_traffic_camera_000116#55_172_197_63,29D05685
roboflow_traffic_camera_000135#109_175_149_50,18A07826
roboflow_traffic_camera_000136#123_171_148_54,18A07826
roboflow_traffic_camera_000151#113_153_111_114,29D09566
roboflow_traffic_camera_000155#50_111_166_139,29D09566
roboflow_traffic_camera_000178#166_51_83_87,89A14723
roboflow_traffic_camera_000179#174_66_82_86,89A14723
roboflow_traffic_camera_000183#93_60_135_117,89A15717
roboflow_traffic_camera_000185#110_85_133_117,89A15717
roboflow_traffic_camera_000195#110_162_170_88,30A18036
roboflow_traffic_camera_000201#81_216_198_65,30G19663
roboflow_traffic_camera_000202#56_217_197_66,30G19663
roboflow_traffic_camera_000203#81_227_197_65,30G19663
roboflow_traffic_camera_000210#59_223_150_53,30F20449
roboflow_traffic_camera_000212#73_228_150_55,30F20449
roboflow_traffic_camera_000258#175_252_101_33,98A29814
roboflow_traffic_camera_000295#143_184_112_60,19A32726
roboflow_traffic_camera_000304#71_220_192_59,99A33254
roboflow_traffic_camera_000319#96_205_153_47,30A37519
roboflow_traffic_camera_000372#128_76_102_94,30F5204
roboflow_traffic_camera_000397#162_189_88_71,30F5204
roboflow_traffic_camera_000415#115_122_112_51,51G52911
roboflow_traffic_camera_000420#128_31_107_104,29U5411
roboflow_traffic_camera_000421#118_13_105_106,29U5411
roboflow_traffic_camera_000422#123_12_106_105,29U5411
roboflow_traffic_camera_000424#113_112_156_122,30A54827
roboflow_traffic_camera_000426#57_178_247_115,29A56048
roboflow_traffic_camera_000436#108_238_146_107,30A59464
roboflow_traffic_camera_000498#70_222_135_91,30A79330
roboflow_traffic_camera_000592#92_67_145_138,99A08929
roboflow_traffic_camera_000597#150_325_111_38,30S0426
roboflow_traffic_camera_000606#124_203_161_42,36A01418
roboflow_traffic_camera_000607#140_219_161_43,36A01418
roboflow_traffic_camera_000661#141_251_163_47,30F07227
roboflow_traffic_camera_000662#140_216_161_45,30F07227
roboflow_traffic_camera_000663#150_213_166_49,30F07227
roboflow_traffic_camera_000664#142_189_166_50,30F07227
roboflow_traffic_camera_000687#85_151_228_69,21A08531
roboflow_traffic_camera_000728#123_160_82_47,89A15530
roboflow_traffic_camera_000750#85_215_213_55,19N1866
roboflow_traffic_camera_000753#63_216_184_64,19N1866
roboflow_traffic_camera_000754#37_165_183_64,19N1866
roboflow_traffic_camera_000755#50_194_185_63,19N1866
roboflow_traffic_camera_000776#110_227_190_52,30F21510
roboflow_traffic_camera_000790#79_149_78_70,36A25649
roboflow_traffic_camera_000796#147_151_95_31,36A25649
roboflow_traffic_camera_000837#0_265_400_82,30G35217
roboflow_traffic_camera_000864#86_205_202_54,29A42050
roboflow_traffic_camera_000866#101_246_202_54,29A42050
roboflow_traffic_camera_000868#87_207_207_52,29A42050
roboflow_traffic_camera_000904#142_280_154_61,30G56695
roboflow_traffic_camera_000911#61_125_396_86,31F5724
roboflow_traffic_camera_000933#106_242_215_47,30F70192
roboflow_traffic_camera_000934#110_267_215_47,30F70192
roboflow_traffic_camera_000935#91_228_217_45,30F70192
roboflow_traffic_camera_000972#0_207_275_68,30F74905
roboflow_traffic_camera_000973#26_230_277_68,30F74905
roboflow_traffic_camera_000992#133_155_156_65,29C82506
roboflow_traffic_camera_001013#19_117_307_229,30G01866
roboflow_traffic_camera_001028#123_190_135_104,30F49056
roboflow_traffic_camera_001053#86_147_203_78,15A00635
roboflow_traffic_camera_001054#90_130_203_76,15A00635
roboflow_traffic_camera_001055#92_172_204_77,15A00635
roboflow_traffic_camera_001086#83_262_218_53,30F05779
roboflow_traffic_camera_001087#99_272_221_54,30F05779
roboflow_traffic_camera_001102#157_297_92_73,29H06737
roboflow_traffic_camera_001105#42_177_235_163,29H06737
roboflow_traffic_camera_001128#153_168_107_88,29H07716
roboflow_traffic_camera_001226#151_269_96_81,89A12433
roboflow_traffic_camera_001239#119_275_177_48,34A13974
roboflow_traffic_camera_001240#104_257_176_47,34A13974
roboflow_traffic_camera_001241#93_262_178_49,34A13974
roboflow_traffic_camera_001244#147_154_106_96,29H15079
roboflow_traffic_camera_001253#110_88_134_113,89A15939
roboflow_traffic_camera_001263#128_146_101_88,29A17543
roboflow_traffic_camera_001264#134_159_101_87,29A17543
roboflow_traffic_camera_001265#139_160_101_87,29A17543
roboflow_traffic_camera_001275#121_169_148_71,29V1910
roboflow_traffic_camera_001276#116_150_148_67,29V1910
roboflow_traffic_camera_001279#169_252_180_119,29V1910
roboflow_traffic_camera_001292#144_117_187_120,29V1910
roboflow_traffic_camera_001294#110_97_182_118,29V1910
roboflow_traffic_camera_001295#139_128_184_124,29V1910
roboflow_traffic_camera_001302#85_72_198_149,29V1910
roboflow_traffic_camera_001351#71_71_163_147,29A22443
roboflow_traffic_camera_001352#97_103_165_149,29A22443
roboflow_traffic_camera_001356#47_178_335_185,34C22496
roboflow_traffic_camera_001357#42_166_335_180,34C22496
roboflow_traffic_camera_001358#37_181_338_177,34C22496
roboflow_traffic_camera_001361#107_6_113_115,30G22721
roboflow_traffic_camera_001374#84_273_176_56,30G25495
roboflow_traffic_camera_001375#62_254_175_57,30G25495
roboflow_traffic_camera_001390#97_109_183_59,29A25885
roboflow_traffic_camera_001407#31_200_369_136,30A26583
roboflow_traffic_camera_001410#118_362_165_49,30F27580
roboflow_traffic_camera_001411#118_350_166_49,30F27580
roboflow_traffic_camera_001412#125_375_163_47,30F27580
roboflow_traffic_camera_001421#151_191_114_33,30F27580
roboflow_traffic_camera_001580#79_156_175_69,30M4253
roboflow_traffic_camera_001601#126_247_213_60,30F45081
roboflow_traffic_camera_001602#70_145_280_113,29A46319
roboflow_traffic_camera_001610#64_179_241_62,30A47005
roboflow_traffic_camera_001622#163_197_120_106,30A48483
roboflow_traffic_camera_001636#122_184_148_132,30E54515
roboflow_traffic_camera_001641#123_81_144_122,30A54827
roboflow_traffic_camera_001642#132_102_145_124,30A54827
roboflow_traffic_camera_001671#84_91_214_69,30F60898
roboflow_traffic_camera_001673#87_121_218_71,30F60898
roboflow_traffic_camera_001684#57_157_234_87,30A62043
roboflow_traffic_camera_001713#36_127_231_73,29C66625
roboflow_traffic_camera_001715#63_147_228_70,29C66625
roboflow_traffic_camera_001719#70_120_179_132,29C67798
roboflow_traffic_camera_001721#49_92_178_131,29C67798
roboflow_traffic_camera_001767#73_242_179_52,30A79209
roboflow_traffic_camera_001769#52_234_179_52,30A79209
roboflow_traffic_camera_001813#98_136_236_178,29A92839
roboflow_traffic_camera_001859#129_237_143_51,30G03916
roboflow_traffic_camera_001892#136_223_88_70,29D09566
roboflow_traffic_camera_001894#121_218_90_69,29D09566
roboflow_traffic_camera_001895#95_173_183_123,29E00010
roboflow_traffic_camera_001913#134_127_103_86,30E02141
roboflow_traffic_camera_001931#167_197_85_31,30E05207
roboflow_traffic_camera_001933#177_203_85_30,30E05207
roboflow_traffic_camera_001938#98_287_145_39,89A07379
roboflow_traffic_camera_001939#114_304_147_38,89A07379
roboflow_traffic_camera_001941#118_284_148_39,89A07379
roboflow_traffic_camera_001943#98_266_129_34,89A07379
roboflow_traffic_camera_001945#118_303_128_35,89A07379
roboflow_traffic_camera_001955#137_260_103_83,99A08487
roboflow_traffic_camera_001956#158_266_103_85,99A08487
roboflow_traffic_camera_001991#101_365_178_64,30Z1040
roboflow_traffic_camera_001992#97_340_177_66,30Z1040
roboflow_traffic_camera_001993#103_359_173_67,30Z1040
roboflow_traffic_camera_002014#101_182_102_93,89A12388
roboflow_traffic_camera_002019#78_306_188_52,89A13962
roboflow_traffic_camera_002020#87_348_188_53,89A13962
roboflow_traffic_camera_002032#92_286_159_63,15A16938
roboflow_traffic_camera_002138#183_236_79_92,34A31506
roboflow_traffic_camera_002139#171_210_79_94,34A31506
roboflow_traffic_camera_002140#162_212_80_91,34A31506
roboflow_traffic_camera_002243#156_187_72_62,30F50167
roboflow_traffic_camera_002304#156_235_84_65,30F56330
roboflow_traffic_camera_002328#113_294_149_46,29A60513
roboflow_traffic_camera_002369#146_264_114_32,29C66626
roboflow_traffic_camera_002446#135_150_103_72,30F78286
roboflow_traffic_camera_002462#104_336_188_42,30A80744
roboflow_traffic_camera_002466#158_183_75_74,30A80744
roboflow_traffic_camera_002473#162_228_108_83,30A82771
roboflow_traffic_camera_002474#173_237_109_84,30A82771
roboflow_traffic_camera_002482#105_295_127_34,89A07379
roboflow_traffic_camera_002483#116_323_129_35,89A07379
roboflow_traffic_camera_002484#95_269_128_34,89A07379
roboflow_traffic_camera_002506#90_147_203_78,30E97662
roboflow_traffic_camera_002507#86_151_202_75,30E97662
roboflow_traffic_camera_002508#109_179_203_77,30E97662
roboflow_traffic_camera_002521#114_317_140_39,98A17339
roboflow_traffic_camera_002552#95_299_139_35,89A20061
roboflow_traffic_camera_002554#103_107_154_50,89A07379
roboflow_traffic_camera_002555#120_122_153_50,89A07379
roboflow_traffic_camera_002562#36_246_153_102,89A07379
roboflow_traffic_camera_002564#223_68_64_58,89A07379
roboflow_traffic_camera_002583#157_172_67_67,VT1A16
roboflow_traffic_camera_002587#625_301_147_83,PK5346
roboflow_traffic_camera_002589#659_319_146_85,PK5346
roboflow_traffic_camera_002623#44_155_45_56,QC1021
roboflow_traffic_camera_002636#371_270_57_42,80A06889
roboflow_traffic_camera_002667#674_239_222_191,77C131284
roboflow_traffic_camera_002724#699_307_241_219,59T208789
roboflow_traffic_camera_002848#507_153_207_169,59P123173
roboflow_traffic_camera_002853#584_157_207_176,59P123173
roboflow_traffic_camera_002885#604_312_212_177,59G107463
roboflow_traffic_camera_002989#702_363_223_206,59P169646
roboflow_traffic_camera_003050#900_541_223_187,59T208789
roboflow_traffic_camera_003052#779_472_222_184,59T208789
roboflow_traffic_camera_003075#822_367_217_191,54S73397
roboflow_traffic_camera_003100#897_367_238_210,84E130513
roboflow_traffic_camera_003106#850_493_235_208,59K196266
roboflow_traffic_camera_003126#757_449_243_221,54S42413
roboflow_traffic_camera_003145#723_111_221_192,52Z20513
roboflow_traffic_camera_003160#924_704_279_245,59M224225
roboflow_traffic_camera_003164#633_92_228_209,59L210803
roboflow_traffic_camera_003169#538_226_234_195,52Z20513
roboflow_traffic_camera_003187#706_306_228_203,60F174968
roboflow_traffic_camera_003199#448_277_210_171,59E105457
roboflow_traffic_camera_003206#775_539_257_233,66B189012
roboflow_traffic_camera_003226#546_75_192_157,37L231070
roboflow_traffic_camera_003237#725_189_247_213,59Z125977
roboflow_traffic_camera_003241#670_247_252_221,59XB73021
roboflow_traffic_camera_003246#722_336_245_211,54S43871
roboflow_traffic_camera_003260#718_417_245_216,61C216599
roboflow_traffic_camera_003261#626_256_243_213,76C184799
roboflow_traffic_camera_003284#658_265_240_200,76K109772
roboflow_traffic_camera_003290#660_269_210_191,59F228796
roboflow_traffic_camera_003316#541_124_218_183,69N165835
roboflow_traffic_camera_003321#1300_0_418_56,KHONG_DOC_DUOC
roboflow_traffic_camera_003335#774_355_253_231,59N350685
roboflow_traffic_camera_003363#707_451_255_232,59XB50621
roboflow_traffic_camera_003390#982_497_224_204,75F193037
roboflow_traffic_camera_003396#758_425_222_205,79C156750
roboflow_traffic_camera_003400#798_441_228_213,59E214007
roboflow_traffic_camera_003463#891_504_299_253,77H57340
roboflow_traffic_camera_003470#965_615_281_233,59S280976
roboflow_traffic_camera_003478#1047_613_282_248,59S280976
roboflow_traffic_camera_003484#784_492_252_228,79C137521
roboflow_traffic_camera_003502#673_334_242_213,54R52638
roboflow_traffic_camera_003509#680_513_238_215,59T177356
roboflow_traffic_camera_003556#913_510_218_200,72AC21299
roboflow_traffic_camera_003559#1001_530_219_215,72AC21299
roboflow_traffic_camera_003574#610_247_224_190,63B559422
roboflow_traffic_camera_003576#638_263_225_186,63B559422
roboflow_traffic_camera_003578#809_464_260_242,59M258510
roboflow_traffic_camera_003611#946_586_203_179,54S73397
roboflow_traffic_camera_003620#783_520_253_228,73H153680
roboflow_traffic_camera_003622#738_541_254_231,73H153680
roboflow_traffic_camera_003651#709_559_217_179,59E211564
roboflow_traffic_camera_003731#601_260_236_185,69AF07732
roboflow_traffic_camera_003752#776_407_252_230,68B125158
roboflow_traffic_camera_003758#762_653_213_177,47B209890
roboflow_traffic_camera_003759#776_656_212_184,47B209890
roboflow_traffic_camera_003775#643_418_249_228,77L177051
roboflow_traffic_camera_003779#710_427_250_215,77L177051
roboflow_traffic_camera_003780#682_398_247_220,77L177051
